ts_event,rtype,publisher_id,instrument_id,open,high,low,close,volume,symbol
2020-01-02 00:00:00+00:00,35,43,16548,67.28,67.56,65.44,65.76,287305,UNG
2020-01-03 00:00:00+00:00,35,43,16548,65.48,66.8,64.48,65.44,190850,UNG
2020-01-06 00:00:00+00:00,35,43,16548,66.28,67.12,65.36,66.64,253339,UNG
2020-01-07 00:00:00+00:00,35,43,16548,65.76,67.24,65.12,66.08,200390,UNG
2020-01-08 00:00:00+00:00,35,43,16548,66.8,67.48,65.4,66.56,148516,UNG
2020-01-09 00:00:00+00:00,35,43,16548,65.72,67.04,65.16,66.96,164440,UNG
2020-01-10 00:00:00+00:00,35,43,16548,66.36,69.02,66.36,68.2,255021,UNG
2020-01-13 00:00:00+00:00,35,43,16548,68.48,68.68,66.92,67.52,244753,UNG
2020-01-14 00:00:00+00:00,35,43,16548,67.88,69.68,67.24,67.6,203069,UNG
2020-01-15 00:00:00+00:00,35,43,16548,67.04,67.56,65.12,65.92,258830,UNG
2020-01-16 00:00:00+00:00,35,43,16548,66.0,66.98,63.84,63.92,266120,UNG
2020-01-17 00:00:00+00:00,35,43,16548,63.88,63.88,61.92,61.92,471156,UNG
2020-01-21 00:00:00+00:00,35,43,16548,59.6,60.72,58.28,59.72,516687,UNG
2020-01-22 00:00:00+00:00,35,43,16548,59.48,60.22,59.2,59.6,185786,UNG
2020-01-23 00:00:00+00:00,35,43,16548,60.2,61.08,59.36,59.8,196952,UNG
2020-01-24 00:00:00+00:00,35,43,16548,58.72,58.84,58.0,58.52,280602,UNG
2020-01-27 00:00:00+00:00,35,43,16548,60.2,60.76,58.32,58.76,261642,UNG
2020-01-28 00:00:00+00:00,35,43,16548,58.8,60.2,58.4,59.88,166816,UNG
2020-01-29 00:00:00+00:00,35,43,16548,59.16,59.28,58.12,58.76,155952,UNG
2020-01-30 00:00:00+00:00,35,43,16548,57.96,58.32,56.76,57.08,248506,UNG
2020-01-31 00:00:00+00:00,35,43,16548,57.36,58.0,57.2,57.56,184025,UNG
2020-02-03 00:00:00+00:00,35,43,16548,58.0,58.68,56.76,57.16,120244,UNG
2020-02-04 00:00:00+00:00,35,43,16548,57.32,58.98,56.96,58.6,208694,UNG
2020-02-05 00:00:00+00:00,35,43,16548,58.28,58.56,57.12,58.56,248232,UNG
2020-02-06 00:00:00+00:00,35,43,16548,58.36,59.56,57.36,58.32,138754,UNG
2020-02-07 00:00:00+00:00,35,43,16548,57.88,59.32,57.76,57.96,130802,UNG
2020-02-10 00:00:00+00:00,35,43,16548,56.36,56.36,55.02,55.4,364794,UNG
2020-02-11 00:00:00+00:00,35,43,16548,55.56,56.24,54.96,56.12,159060,UNG
2020-02-12 00:00:00+00:00,35,43,16548,56.6,58.0,56.6,57.84,181094,UNG
2020-02-13 00:00:00+00:00,35,43,16548,57.56,58.32,56.96,56.96,124851,UNG
2020-02-14 00:00:00+00:00,35,43,16548,56.84,57.76,56.28,57.4,82387,UNG
2020-02-18 00:00:00+00:00,35,43,16548,60.0,61.08,59.88,60.6,323564,UNG
2020-02-19 00:00:00+00:00,35,43,16548,60.52,61.44,60.28,61.04,113028,UNG
2020-02-20 00:00:00+00:00,35,43,16548,60.8,62.64,58.96,59.0,294705,UNG
2020-02-21 00:00:00+00:00,35,43,16548,58.76,59.72,58.12,59.24,155864,UNG
2020-02-24 00:00:00+00:00,35,43,16548,58.4,58.4,57.0,57.44,215730,UNG
2020-02-25 00:00:00+00:00,35,43,16548,57.0,58.08,56.96,57.28,179729,UNG
2020-02-26 00:00:00+00:00,35,43,16548,57.56,58.36,56.24,56.24,148309,UNG
2020-02-27 00:00:00+00:00,35,43,16548,55.68,55.68,53.28,54.08,472192,UNG
2020-02-28 00:00:00+00:00,35,43,16548,53.0,53.48,51.0,52.68,173647,UNG
2020-03-02 00:00:00+00:00,35,43,16548,54.24,54.88,52.8,54.88,192970,UNG
2020-03-03 00:00:00+00:00,35,43,16548,55.2,56.96,54.84,55.92,190999,UNG
2020-03-04 00:00:00+00:00,35,43,16548,55.56,57.12,55.4,56.68,132167,UNG
2020-03-05 00:00:00+00:00,35,43,16548,56.96,56.96,54.44,54.56,120958,UNG
2020-03-06 00:00:00+00:00,35,43,16548,54.72,54.88,52.88,53.2,164911,UNG
2020-03-09 00:00:00+00:00,35,43,16548,51.72,57.28,49.96,56.2,427345,UNG
2020-03-10 00:00:00+00:00,35,43,16548,57.2,60.56,56.92,60.28,608810,UNG
2020-03-11 00:00:00+00:00,35,43,16548,59.52,61.9,57.72,57.8,276388,UNG
2020-03-12 00:00:00+00:00,35,43,16548,56.24,58.24,55.0,55.96,377990,UNG
2020-03-13 00:00:00+00:00,35,43,16548,59.0,60.28,57.44,58.44,251706,UNG
2020-03-16 00:00:00+00:00,35,43,16548,57.36,57.36,55.32,55.8,131019,UNG
2020-03-17 00:00:00+00:00,35,43,16548,55.2,56.24,53.2,53.36,126388,UNG
2020-03-18 00:00:00+00:00,35,43,16548,52.4,52.4,48.36,51.4,264566,UNG
2020-03-19 00:00:00+00:00,35,43,16548,52.0,52.48,50.12,51.64,87790,UNG
2020-03-20 00:00:00+00:00,35,43,16548,53.0,53.56,49.96,49.96,124548,UNG
2020-03-23 00:00:00+00:00,35,43,16548,49.6,51.56,48.92,50.84,113133,UNG
2020-03-24 00:00:00+00:00,35,43,16548,51.24,53.06,51.24,52.92,166528,UNG
2020-03-25 00:00:00+00:00,35,43,16548,53.0,53.04,51.48,52.2,75666,UNG
2020-03-26 00:00:00+00:00,35,43,16548,52.32,52.6,50.76,51.28,108868,UNG
2020-03-27 00:00:00+00:00,35,43,16548,51.08,51.28,50.0,51.0,86857,UNG
2020-03-30 00:00:00+00:00,35,43,16548,50.0,51.68,49.2,51.52,69666,UNG
2020-03-31 00:00:00+00:00,35,43,16548,52.0,52.32,49.64,49.92,102070,UNG
2020-04-01 00:00:00+00:00,35,43,16548,49.6,50.8,47.88,48.28,122068,UNG
2020-04-02 00:00:00+00:00,35,43,16548,49.0,49.0,46.16,47.16,183124,UNG
2020-04-03 00:00:00+00:00,35,43,16548,47.44,50.16,46.44,49.84,187415,UNG
2020-04-06 00:00:00+00:00,35,43,16548,49.68,53.76,49.6,53.76,153169,UNG
2020-04-07 00:00:00+00:00,35,43,16548,54.0,57.96,54.0,57.28,214709,UNG
2020-04-08 00:00:00+00:00,35,43,16548,56.4,57.32,53.76,54.68,196544,UNG
2020-04-09 00:00:00+00:00,35,43,16548,54.36,54.44,52.24,52.8,173034,UNG
2020-04-13 00:00:00+00:00,35,43,16548,54.0,54.92,51.5,52.56,145358,UNG
2020-04-14 00:00:00+00:00,35,43,16548,52.28,52.28,49.56,49.68,234519,UNG
2020-04-15 00:00:00+00:00,35,43,16548,49.44,50.32,47.92,48.04,132474,UNG
2020-04-16 00:00:00+00:00,35,43,16548,48.2,51.8,47.08,51.6,287937,UNG
2020-04-17 00:00:00+00:00,35,43,16548,51.36,54.2,50.28,53.2,253963,UNG
2020-04-20 00:00:00+00:00,35,43,16548,52.68,57.68,51.52,57.36,417115,UNG
2020-04-21 00:00:00+00:00,35,43,16548,56.0,58.0,53.6,54.6,394809,UNG
2020-04-22 00:00:00+00:00,35,43,16548,54.88,57.4,53.36,56.92,296279,UNG
2020-04-23 00:00:00+00:00,35,43,16548,57.0,57.0,53.48,53.76,190768,UNG
2020-04-24 00:00:00+00:00,35,43,16548,54.0,54.92,51.6,51.6,305050,UNG
2020-04-27 00:00:00+00:00,35,43,16548,51.24,53.4,48.86,53.28,378286,UNG
2020-04-28 00:00:00+00:00,35,43,16548,52.36,55.76,52.28,54.08,221788,UNG
2020-04-29 00:00:00+00:00,35,43,16548,54.2,54.44,51.48,51.84,303803,UNG
2020-04-30 00:00:00+00:00,35,43,16548,51.52,54.0,50.8,53.44,213172,UNG
2020-05-01 00:00:00+00:00,35,43,16548,54.6,55.68,51.84,52.72,181433,UNG
2020-05-04 00:00:00+00:00,35,43,16548,54.4,56.92,53.64,56.92,301960,UNG
2020-05-05 00:00:00+00:00,35,43,16548,57.96,59.76,57.08,58.2,472066,UNG
2020-05-06 00:00:00+00:00,35,43,16548,57.28,57.48,53.4,53.76,413316,UNG
2020-05-07 00:00:00+00:00,35,43,16548,53.92,55.0,52.24,53.12,339068,UNG
2020-05-08 00:00:00+00:00,35,43,16548,52.64,52.64,50.16,50.72,329967,UNG
2020-05-11 00:00:00+00:00,35,43,16548,51.04,52.26,49.92,50.64,243071,UNG
2020-05-12 00:00:00+00:00,35,43,16548,50.88,51.04,46.68,47.04,420458,UNG
2020-05-13 00:00:00+00:00,35,43,16548,46.6,48.12,44.2,45.16,424632,UNG
2020-05-14 00:00:00+00:00,35,43,16548,45.04,47.16,44.68,46.72,229758,UNG
2020-05-15 00:00:00+00:00,35,43,16548,47.12,47.24,44.84,45.08,339106,UNG
2020-05-18 00:00:00+00:00,35,43,16548,46.72,49.92,46.68,48.4,296394,UNG
2020-05-19 00:00:00+00:00,35,43,16548,49.0,49.96,48.0,48.6,284010,UNG
2020-05-20 00:00:00+00:00,35,43,16548,48.48,49.88,46.56,46.92,244678,UNG
2020-05-21 00:00:00+00:00,35,43,16548,46.76,46.76,45.28,46.08,117455,UNG
2020-05-22 00:00:00+00:00,35,43,16548,45.6,46.96,45.4,46.68,122398,UNG
2020-05-26 00:00:00+00:00,35,43,16548,46.32,48.08,45.88,47.76,140367,UNG
2020-05-27 00:00:00+00:00,35,43,16548,48.0,48.76,46.08,46.16,171768,UNG
2020-05-28 00:00:00+00:00,35,43,16548,46.08,46.68,44.8,45.2,156404,UNG
2020-05-29 00:00:00+00:00,35,43,16548,45.4,46.0,43.56,45.4,334246,UNG
2020-06-01 00:00:00+00:00,35,43,16548,44.12,45.0,43.16,44.08,270252,UNG
2020-06-02 00:00:00+00:00,35,43,16548,43.6,44.44,43.52,43.92,117732,UNG
2020-06-03 00:00:00+00:00,35,43,16548,44.04,45.88,44.04,45.0,245128,UNG
2020-06-04 00:00:00+00:00,35,43,16548,45.08,45.68,44.36,45.04,215402,UNG
2020-06-05 00:00:00+00:00,35,43,16548,45.0,45.96,43.92,44.64,255782,UNG
2020-06-08 00:00:00+00:00,35,43,16548,44.12,44.8,43.28,44.8,235555,UNG
2020-06-09 00:00:00+00:00,35,43,16548,44.6,44.88,42.56,42.88,205113,UNG
2020-06-10 00:00:00+00:00,35,43,16548,42.92,44.56,42.56,44.24,332055,UNG
2020-06-11 00:00:00+00:00,35,43,16548,43.72,45.2,43.68,44.88,198864,UNG
2020-06-12 00:00:00+00:00,35,43,16548,44.16,44.56,42.68,43.2,222008,UNG
2020-06-15 00:00:00+00:00,35,43,16548,43.2,43.2,41.08,41.2,308566,UNG
2020-06-16 00:00:00+00:00,35,43,16548,41.4,41.56,39.6,40.0,326328,UNG
2020-06-17 00:00:00+00:00,35,43,16548,40.4,40.64,39.64,40.4,156581,UNG
2020-06-18 00:00:00+00:00,35,43,16548,40.56,40.92,39.9,40.48,118212,UNG
2020-06-19 00:00:00+00:00,35,43,16548,40.56,41.36,40.52,41.2,109746,UNG
2020-06-22 00:00:00+00:00,35,43,16548,41.4,41.84,40.32,40.56,214992,UNG
2020-06-23 00:00:00+00:00,35,43,16548,40.2,40.48,39.08,39.52,195596,UNG
2020-06-24 00:00:00+00:00,35,43,16548,39.64,40.16,38.72,38.72,191298,UNG
2020-06-25 00:00:00+00:00,35,43,16548,38.6,38.6,35.6,35.96,637480,UNG
2020-06-26 00:00:00+00:00,35,43,16548,36.08,36.72,35.56,36.4,239352,UNG
2020-06-29 00:00:00+00:00,35,43,16548,36.8,41.04,36.8,40.2,584211,UNG
2020-06-30 00:00:00+00:00,35,43,16548,40.08,41.72,40.0,40.24,190716,UNG
2020-07-01 00:00:00+00:00,35,43,16548,40.4,40.4,38.8,39.64,242447,UNG
2020-07-02 00:00:00+00:00,35,43,16548,39.92,40.68,39.32,40.36,194418,UNG
2020-07-06 00:00:00+00:00,35,43,16548,42.32,43.8,41.56,43.8,327314,UNG
2020-07-07 00:00:00+00:00,35,43,16548,43.4,45.04,43.4,44.12,352664,UNG
2020-07-08 00:00:00+00:00,35,43,16548,43.92,43.92,42.4,42.84,182901,UNG
2020-07-09 00:00:00+00:00,35,43,16548,43.2,44.2,41.48,41.72,274858,UNG
2020-07-10 00:00:00+00:00,35,43,16548,41.4,42.96,40.8,42.92,249243,UNG
2020-07-13 00:00:00+00:00,35,43,16548,42.52,42.52,40.36,40.4,301424,UNG
2020-07-14 00:00:00+00:00,35,43,16548,40.4,41.44,40.12,41.08,175180,UNG
2020-07-15 00:00:00+00:00,35,43,16548,41.2,41.92,40.48,41.72,173501,UNG
2020-07-16 00:00:00+00:00,35,43,16548,41.68,42.28,40.0,40.48,243008,UNG
2020-07-17 00:00:00+00:00,35,43,16548,40.44,40.88,39.72,40.0,185169,UNG
2020-07-20 00:00:00+00:00,35,43,16548,39.8,39.8,37.6,38.52,364843,UNG
2020-07-21 00:00:00+00:00,35,43,16548,38.64,39.16,37.92,38.8,155438,UNG
2020-07-22 00:00:00+00:00,35,43,16548,38.48,39.56,37.96,39.4,134088,UNG
2020-07-23 00:00:00+00:00,35,43,16548,39.52,42.22,39.14,41.84,320221,UNG
2020-07-24 00:00:00+00:00,35,43,16548,41.32,42.64,41.0,42.44,165827,UNG
2020-07-27 00:00:00+00:00,35,43,16548,42.0,42.32,40.3,40.84,222178,UNG
2020-07-28 00:00:00+00:00,35,43,16548,40.72,42.56,40.72,42.36,166174,UNG
2020-07-29 00:00:00+00:00,35,43,16548,42.2,44.12,41.8,43.8,208938,UNG
2020-07-30 00:00:00+00:00,35,43,16548,43.2,43.6,41.48,42.12,139309,UNG
2020-07-31 00:00:00+00:00,35,43,16548,42.24,42.4,40.64,41.24,146989,UNG
2020-08-03 00:00:00+00:00,35,43,16548,42.68,49.12,42.6,48.84,826130,UNG
2020-08-04 00:00:00+00:00,35,43,16548,48.6,50.08,46.96,49.64,373138,UNG
2020-08-05 00:00:00+00:00,35,43,16548,50.92,51.36,49.32,50.64,298427,UNG
2020-08-06 00:00:00+00:00,35,43,16548,50.6,52.04,48.7,49.2,369770,UNG
2020-08-07 00:00:00+00:00,35,43,16548,49.2,51.4,49.2,51.4,286060,UNG
2020-08-10 00:00:00+00:00,35,43,16548,52.32,52.32,48.32,49.16,206307,UNG
2020-08-11 00:00:00+00:00,35,43,16548,49.72,50.8,48.84,48.92,158322,UNG
2020-08-12 00:00:00+00:00,35,43,16548,48.88,49.32,47.54,49.04,297705,UNG
2020-08-13 00:00:00+00:00,35,43,16548,49.48,50.24,48.8,49.6,203507,UNG
2020-08-14 00:00:00+00:00,35,43,16548,49.8,54.04,49.72,53.36,358761,UNG
2020-08-17 00:00:00+00:00,35,43,16548,54.0,54.4,52.4,53.16,204624,UNG
2020-08-18 00:00:00+00:00,35,43,16548,53.2,55.84,53.2,55.2,283445,UNG
2020-08-19 00:00:00+00:00,35,43,16548,55.2,55.68,54.12,55.08,178214,UNG
2020-08-20 00:00:00+00:00,35,43,16548,54.8,55.2,53.64,54.0,207873,UNG
2020-08-21 00:00:00+00:00,35,43,16548,53.88,55.6,52.12,55.4,328299,UNG
2020-08-24 00:00:00+00:00,35,43,16548,54.8,57.08,54.8,56.36,275455,UNG
2020-08-25 00:00:00+00:00,35,43,16548,56.0,56.84,55.2,55.4,159255,UNG
2020-08-26 00:00:00+00:00,35,43,16548,56.08,56.88,54.16,54.16,233662,UNG
2020-08-27 00:00:00+00:00,35,43,16548,54.84,58.28,54.84,57.72,387618,UNG
2020-08-28 00:00:00+00:00,35,43,16548,58.2,58.68,56.34,57.04,189532,UNG
2020-08-31 00:00:00+00:00,35,43,16548,56.76,56.96,53.72,56.76,358310,UNG
2020-09-01 00:00:00+00:00,35,43,16548,56.96,57.0,53.84,54.04,291127,UNG
2020-09-02 00:00:00+00:00,35,43,16548,54.2,55.36,51.96,53.36,422078,UNG
2020-09-03 00:00:00+00:00,35,43,16548,53.0,55.16,52.8,53.08,241219,UNG
2020-09-04 00:00:00+00:00,35,43,16548,53.72,55.96,52.26,55.28,335546,UNG
2020-09-08 00:00:00+00:00,35,43,16548,54.44,55.24,50.68,50.92,339100,UNG
2020-09-09 00:00:00+00:00,35,43,16548,51.48,53.24,50.04,51.52,331854,UNG
2020-09-10 00:00:00+00:00,35,43,16548,51.16,51.32,49.52,49.72,176571,UNG
2020-09-11 00:00:00+00:00,35,43,16548,49.52,50.0,48.26,48.68,177269,UNG
2020-09-14 00:00:00+00:00,35,43,16548,49.6,51.4,49.08,49.44,219607,UNG
2020-09-15 00:00:00+00:00,35,43,16548,49.4,50.9,49.16,50.44,151001,UNG
2020-09-16 00:00:00+00:00,35,43,16548,50.8,50.84,48.28,48.76,217410,UNG
2020-09-17 00:00:00+00:00,35,43,16548,48.6,48.64,45.12,45.52,404231,UNG
2020-09-18 00:00:00+00:00,35,43,16548,45.84,47.68,45.8,47.0,211568,UNG
2020-09-21 00:00:00+00:00,35,43,16548,46.88,49.16,46.56,49.04,529360,UNG
2020-09-22 00:00:00+00:00,35,43,16548,47.96,48.28,46.04,46.32,179763,UNG
2020-09-23 00:00:00+00:00,35,43,16548,45.6,51.0,45.32,50.56,308984,UNG
2020-09-24 00:00:00+00:00,35,43,16548,51.32,52.56,49.88,51.6,186838,UNG
2020-09-25 00:00:00+00:00,35,43,16548,51.96,51.96,50.2,50.44,124965,UNG
2020-09-28 00:00:00+00:00,35,43,16548,50.4,50.52,48.68,49.88,139530,UNG
2020-09-29 00:00:00+00:00,35,43,16548,49.72,49.72,44.64,45.12,336622,UNG
2020-09-30 00:00:00+00:00,35,43,16548,45.12,46.28,43.64,46.0,158882,UNG
2020-10-01 00:00:00+00:00,35,43,16548,46.08,46.52,43.92,44.56,136972,UNG
2020-10-02 00:00:00+00:00,35,43,16548,44.6,45.82,42.76,44.28,128790,UNG
2020-10-05 00:00:00+00:00,35,43,16548,45.44,48.96,45.12,47.6,374602,UNG
2020-10-06 00:00:00+00:00,35,43,16548,47.68,48.4,44.96,45.2,226911,UNG
2020-10-07 00:00:00+00:00,35,43,16548,45.48,48.2,45.08,46.92,294664,UNG
2020-10-08 00:00:00+00:00,35,43,16548,46.44,47.6,45.12,47.16,282248,UNG
2020-10-09 00:00:00+00:00,35,43,16548,47.76,50.64,47.76,49.28,235118,UNG
2020-10-12 00:00:00+00:00,35,43,16548,52.2,52.68,50.5,50.6,290538,UNG
2020-10-13 00:00:00+00:00,35,43,16548,50.64,51.76,48.8,48.88,284527,UNG
2020-10-14 00:00:00+00:00,35,43,16548,48.8,48.8,46.92,47.88,372844,UNG
2020-10-15 00:00:00+00:00,35,43,16548,48.36,50.24,48.36,49.52,197064,UNG
2020-10-16 00:00:00+00:00,35,43,16548,49.64,50.52,48.68,49.04,143128,UNG
2020-10-19 00:00:00+00:00,35,43,16548,49.04,50.2,48.6,49.84,128499,UNG
2020-10-20 00:00:00+00:00,35,43,16548,49.84,50.64,49.28,49.6,100560,UNG
2020-10-21 00:00:00+00:00,35,43,16548,49.68,50.96,49.68,50.6,78202,UNG
2020-10-22 00:00:00+00:00,35,43,16548,50.48,50.68,49.24,49.24,94459,UNG
2020-10-23 00:00:00+00:00,35,43,16548,49.12,49.48,48.04,48.36,76594,UNG
2020-10-26 00:00:00+00:00,35,43,16548,48.36,49.88,48.36,49.24,106931,UNG
2020-10-27 00:00:00+00:00,35,43,16548,49.16,50.52,48.24,49.96,83412,UNG
2020-10-28 00:00:00+00:00,35,43,16548,49.96,50.32,49.6,49.76,87355,UNG
2020-10-29 00:00:00+00:00,35,43,16548,49.68,50.64,47.8,50.36,160588,UNG
2020-10-30 00:00:00+00:00,35,43,16548,50.28,51.36,49.36,51.28,81768,UNG
2020-11-02 00:00:00+00:00,35,43,16548,50.4,50.4,48.72,48.88,160286,UNG
2020-11-03 00:00:00+00:00,35,43,16548,48.28,48.44,46.12,46.4,278484,UNG
2020-11-04 00:00:00+00:00,35,43,16548,46.28,46.68,45.56,46.48,170048,UNG
2020-11-05 00:00:00+00:00,35,43,16548,46.28,47.12,44.4,44.56,235522,UNG
2020-11-06 00:00:00+00:00,35,43,16548,44.64,45.04,43.48,43.96,190226,UNG
2020-11-09 00:00:00+00:00,35,43,16548,43.32,44.36,43.004,43.56,215712,UNG
2020-11-10 00:00:00+00:00,35,43,16548,43.76,45.6,43.32,44.72,160287,UNG
2020-11-11 00:00:00+00:00,35,43,16548,45.0,46.24,44.24,45.88,165332,UNG
2020-11-12 00:00:00+00:00,35,43,16548,45.64,46.2,44.68,44.96,147489,UNG
2020-11-13 00:00:00+00:00,35,43,16548,45.12,46.56,45.04,45.16,114313,UNG
2020-11-16 00:00:00+00:00,35,43,16548,43.8,43.84,41.2,41.32,419821,UNG
2020-11-17 00:00:00+00:00,35,43,16548,41.8,41.8,40.72,41.2,218625,UNG
2020-11-18 00:00:00+00:00,35,43,16548,41.88,42.2,40.92,41.36,137628,UNG
2020-11-19 00:00:00+00:00,35,43,16548,40.8,40.8,38.52,39.52,374550,UNG
2020-11-20 00:00:00+00:00,35,43,16548,39.84,40.6,39.84,40.32,87718,UNG
2020-11-23 00:00:00+00:00,35,43,16548,40.8,41.1,40.0,40.84,177536,UNG
2020-11-24 00:00:00+00:00,35,43,16548,40.96,42.08,40.96,42.08,184530,UNG
2020-11-25 00:00:00+00:00,35,43,16548,41.52,43.44,41.24,42.48,209445,UNG
2020-11-27 00:00:00+00:00,35,43,16548,42.24,42.88,41.0,41.32,144196,UNG
2020-11-30 00:00:00+00:00,35,43,16548,42.16,43.34,41.64,42.8,188711,UNG
2020-12-01 00:00:00+00:00,35,43,16548,42.08,42.42,41.04,41.56,194068,UNG
2020-12-02 00:00:00+00:00,35,43,16548,41.52,42.44,39.72,39.84,279139,UNG
2020-12-03 00:00:00+00:00,35,43,16548,39.0,39.08,36.0,36.36,710248,UNG
2020-12-04 00:00:00+00:00,35,43,16548,36.16,37.96,35.8,37.04,243338,UNG
2020-12-07 00:00:00+00:00,35,43,16548,35.24,35.96,34.52,35.4,437070,UNG
2020-12-08 00:00:00+00:00,35,43,16548,35.6,35.64,34.32,35.52,224503,UNG
2020-12-09 00:00:00+00:00,35,43,16548,35.68,36.48,35.08,35.32,223326,UNG
2020-12-10 00:00:00+00:00,35,43,16548,35.24,37.52,35.08,37.16,316982,UNG
2020-12-11 00:00:00+00:00,35,43,16548,36.84,38.06,36.68,37.6,169158,UNG
2020-12-14 00:00:00+00:00,35,43,16548,38.52,39.16,37.84,38.68,252447,UNG
2020-12-15 00:00:00+00:00,35,43,16548,38.76,39.04,37.64,38.68,187869,UNG
2020-12-16 00:00:00+00:00,35,43,16548,38.6,39.24,38.04,39.16,169605,UNG
2020-12-17 00:00:00+00:00,35,43,16548,39.12,39.16,37.76,38.56,153998,UNG
2020-12-18 00:00:00+00:00,35,43,16548,38.56,39.22,38.36,38.92,145652,UNG
2020-12-21 00:00:00+00:00,35,43,16548,38.92,39.12,38.16,39.0,124275,UNG
2020-12-22 00:00:00+00:00,35,43,16548,38.96,40.2,38.96,39.72,220370,UNG
2020-12-23 00:00:00+00:00,35,43,16548,39.56,39.64,37.02,37.24,285850,UNG
2020-12-24 00:00:00+00:00,35,43,16548,36.88,37.88,36.4,36.84,123594,UNG
2020-12-28 00:00:00+00:00,35,43,16548,34.4,35.0,32.84,34.0,522742,UNG
2020-12-29 00:00:00+00:00,35,43,16548,33.92,36.0,33.84,35.0,304883,UNG
2020-12-30 00:00:00+00:00,35,43,16548,35.28,35.76,34.64,35.24,181497,UNG
2020-12-31 00:00:00+00:00,35,43,16548,36.16,36.88,35.4,36.68,247676,UNG
2021-01-04 00:00:00+00:00,35,43,16548,37.84,38.64,37.2,37.68,207123,UNG
2021-01-05 00:00:00+00:00,35,43,16548,38.96,39.52,38.64,39.04,310598,UNG
2021-01-06 00:00:00+00:00,35,43,16548,38.2,40.08,37.96,39.12,220013,UNG
2021-01-07 00:00:00+00:00,35,43,16548,38.92,39.88,38.64,39.04,212722,UNG
2021-01-08 00:00:00+00:00,35,43,16548,38.6,39.52,38.12,39.16,162283,UNG
2021-01-11 00:00:00+00:00,35,43,16548,37.84,40.76,37.6,40.64,283044,UNG
2021-01-12 00:00:00+00:00,35,43,16548,40.76,41.92,39.4,39.64,331701,UNG
2021-01-13 00:00:00+00:00,35,43,16548,39.72,40.88,39.24,39.92,307272,UNG
2021-01-14 00:00:00+00:00,35,43,16548,39.88,40.4,38.52,38.52,296571,UNG
2021-01-15 00:00:00+00:00,35,43,16548,39.44,40.4,39.16,39.88,276398,UNG
2021-01-19 00:00:00+00:00,35,43,16548,38.24,38.76,36.8,37.12,333767,UNG
2021-01-20 00:00:00+00:00,35,43,16548,36.72,37.42,36.08,37.04,178687,UNG
2021-01-21 00:00:00+00:00,35,43,16548,36.68,36.76,36.12,36.56,187764,UNG
2021-01-22 00:00:00+00:00,35,43,16548,35.8,36.4,35.6,36.16,222186,UNG
2021-01-25 00:00:00+00:00,35,43,16548,36.88,38.22,36.6,38.08,220642,UNG
2021-01-26 00:00:00+00:00,35,43,16548,38.72,38.8,37.96,38.48,207048,UNG
2021-01-27 00:00:00+00:00,35,43,16548,38.52,40.12,38.52,39.24,232600,UNG
2021-01-28 00:00:00+00:00,35,43,16548,38.84,39.48,37.98,39.4,299247,UNG
2021-01-29 00:00:00+00:00,35,43,16548,39.24,39.48,37.48,37.8,271898,UNG
2021-02-01 00:00:00+00:00,35,43,16548,40.0,42.0,39.88,41.72,550578,UNG
2021-02-02 00:00:00+00:00,35,43,16548,42.88,43.96,41.2,41.4,419470,UNG
2021-02-03 00:00:00+00:00,35,43,16548,41.84,42.16,40.28,40.56,242811,UNG
2021-02-04 00:00:00+00:00,35,43,16548,40.52,43.6,40.16,43.32,352272,UNG
2021-02-05 00:00:00+00:00,35,43,16548,44.48,44.76,41.8,42.12,439566,UNG
2021-02-08 00:00:00+00:00,35,43,16548,42.88,43.36,41.72,42.68,223591,UNG
2021-02-09 00:00:00+00:00,35,43,16548,41.36,41.76,40.92,41.32,165719,UNG
2021-02-10 00:00:00+00:00,35,43,16548,40.48,43.8,40.2,43.64,363775,UNG
2021-02-11 00:00:00+00:00,35,43,16548,43.4,44.36,41.64,42.04,379563,UNG
2021-02-12 00:00:00+00:00,35,43,16548,41.88,43.48,41.68,42.48,167598,UNG
2021-02-16 00:00:00+00:00,35,43,16548,44.48,45.32,43.44,44.24,551883,UNG
2021-02-17 00:00:00+00:00,35,43,16548,44.16,45.56,43.96,45.4,414216,UNG
2021-02-18 00:00:00+00:00,35,43,16548,45.4,45.56,43.4,43.56,246739,UNG
2021-02-19 00:00:00+00:00,35,43,16548,44.12,45.2,44.08,44.64,231429,UNG
2021-02-22 00:00:00+00:00,35,43,16548,43.96,44.16,42.88,43.56,223087,UNG
2021-02-23 00:00:00+00:00,35,43,16548,43.6,43.64,42.52,42.72,203478,UNG
2021-02-24 00:00:00+00:00,35,43,16548,42.44,42.64,41.76,41.84,149072,UNG
2021-02-25 00:00:00+00:00,35,43,16548,42.36,42.64,41.24,41.24,210199,UNG
2021-02-26 00:00:00+00:00,35,43,16548,40.96,41.6,40.4,41.48,167248,UNG
2021-03-01 00:00:00+00:00,35,43,16548,41.52,41.8,40.68,41.6,117678,UNG
2021-03-02 00:00:00+00:00,35,43,16548,41.6,42.68,41.6,42.52,168028,UNG
2021-03-03 00:00:00+00:00,35,43,16548,42.56,43.08,41.84,41.84,104746,UNG
2021-03-04 00:00:00+00:00,35,43,16548,42.16,42.16,40.16,41.0,218404,UNG
2021-03-05 00:00:00+00:00,35,43,16548,40.72,41.16,40.08,40.36,122210,UNG
2021-03-08 00:00:00+00:00,35,43,16548,40.48,40.56,39.24,39.8,135613,UNG
2021-03-09 00:00:00+00:00,35,43,16548,39.52,40.16,39.36,39.64,123058,UNG
2021-03-10 00:00:00+00:00,35,43,16548,39.32,40.44,39.16,40.12,176251,UNG
2021-03-11 00:00:00+00:00,35,43,16548,40.4,40.56,39.44,40.0,181515,UNG
2021-03-12 00:00:00+00:00,35,43,16548,39.52,40.2,38.608,38.8,234566,UNG
2021-03-15 00:00:00+00:00,35,43,16548,38.0,38.0,37.04,37.24,223295,UNG
2021-03-16 00:00:00+00:00,35,43,16548,37.24,38.28,37.12,38.28,160401,UNG
2021-03-17 00:00:00+00:00,35,43,16548,38.12,38.12,37.24,37.64,115288,UNG
2021-03-18 00:00:00+00:00,35,43,16548,37.52,37.6,36.276,37.12,144468,UNG
2021-03-19 00:00:00+00:00,35,43,16548,37.48,38.08,36.72,38.08,145254,UNG
2021-03-22 00:00:00+00:00,35,43,16548,37.52,38.72,37.2,38.52,99106,UNG
2021-03-23 00:00:00+00:00,35,43,16548,38.4,38.4,37.604,37.72,92025,UNG
2021-03-24 00:00:00+00:00,35,43,16548,38.0,38.2,37.36,37.52,49291,UNG
2021-03-25 00:00:00+00:00,35,43,16548,37.72,38.72,37.28,38.56,90425,UNG
2021-03-26 00:00:00+00:00,35,43,16548,38.8,38.88,38.44,38.64,85034,UNG
2021-03-29 00:00:00+00:00,35,43,16548,38.72,39.16,38.12,39.0,73832,UNG
2021-03-30 00:00:00+00:00,35,43,16548,39.2,39.52,38.32,38.6,72886,UNG
2021-03-31 00:00:00+00:00,35,43,16548,38.68,39.16,38.0,38.36,87623,UNG
2021-04-01 00:00:00+00:00,35,43,16548,38.44,39.2,38.04,38.72,129201,UNG
2021-04-05 00:00:00+00:00,35,43,16548,38.2,38.2,36.72,37.08,181778,UNG
2021-04-06 00:00:00+00:00,35,43,16548,37.68,37.8,36.16,36.32,214505,UNG
2021-04-07 00:00:00+00:00,35,43,16548,36.52,37.48,36.36,37.0,198060,UNG
2021-04-08 00:00:00+00:00,35,43,16548,36.88,37.32,36.56,37.16,131548,UNG
2021-04-09 00:00:00+00:00,35,43,16548,37.0,37.56,36.96,37.08,62384,UNG
2021-04-12 00:00:00+00:00,35,43,16548,37.48,38.32,37.32,37.68,76396,UNG
2021-04-13 00:00:00+00:00,35,43,16548,37.52,38.84,37.36,38.72,101219,UNG
2021-04-14 00:00:00+00:00,35,43,16548,38.72,39.24,38.48,38.52,45458,UNG
2021-04-15 00:00:00+00:00,35,43,16548,38.32,39.48,38.12,39.28,90745,UNG
2021-04-16 00:00:00+00:00,35,43,16548,39.52,39.6,39.24,39.4,69221,UNG
2021-04-19 00:00:00+00:00,35,43,16548,39.84,40.44,39.7,40.4,82878,UNG
2021-04-20 00:00:00+00:00,35,43,16548,40.16,40.36,40.12,40.12,75793,UNG
2021-04-21 00:00:00+00:00,35,43,16548,40.16,40.16,39.4,39.88,76995,UNG
2021-04-22 00:00:00+00:00,35,43,16548,39.76,40.96,39.28,40.6,184125,UNG
2021-04-23 00:00:00+00:00,35,43,16548,40.6,40.76,40.24,40.28,45488,UNG
2021-04-26 00:00:00+00:00,35,43,16548,39.96,41.32,39.8,41.12,106597,UNG
2021-04-27 00:00:00+00:00,35,43,16548,41.2,42.24,41.2,42.08,119707,UNG
2021-04-28 00:00:00+00:00,35,43,16548,42.28,42.82,42.12,42.32,111040,UNG
2021-04-29 00:00:00+00:00,35,43,16548,42.08,42.48,41.36,41.6,74672,UNG
2021-04-30 00:00:00+00:00,35,43,16548,41.56,42.44,41.56,42.04,52075,UNG
2021-05-03 00:00:00+00:00,35,43,16548,42.48,42.62,41.76,42.48,60553,UNG
2021-05-04 00:00:00+00:00,35,43,16548,42.36,42.96,42.04,42.64,87140,UNG
2021-05-05 00:00:00+00:00,35,43,16548,42.84,42.84,41.8,42.24,77272,UNG
2021-05-06 00:00:00+00:00,35,43,16548,42.2,42.56,41.72,42.04,60014,UNG
2021-05-07 00:00:00+00:00,35,43,16548,42.04,42.82,41.68,42.56,67409,UNG
2021-05-10 00:00:00+00:00,35,43,16548,42.08,42.084,41.56,41.84,53728,UNG
2021-05-11 00:00:00+00:00,35,43,16548,41.72,42.52,41.32,42.28,65029,UNG
2021-05-12 00:00:00+00:00,35,43,16548,42.04,42.76,42.0,42.76,69698,UNG
2021-05-13 00:00:00+00:00,35,43,16548,42.56,42.92,42.12,42.72,59847,UNG
2021-05-14 00:00:00+00:00,35,43,16548,42.6,43.2,42.28,42.88,35902,UNG
2021-05-17 00:00:00+00:00,35,43,16548,43.4,45.1,43.4,44.76,170878,UNG
2021-05-18 00:00:00+00:00,35,43,16548,44.72,44.72,43.2,43.28,75410,UNG
2021-05-19 00:00:00+00:00,35,43,16548,43.0,43.08,42.32,42.68,89365,UNG
2021-05-20 00:00:00+00:00,35,43,16548,42.6,42.8,41.84,42.56,141848,UNG
2021-05-21 00:00:00+00:00,35,43,16548,42.44,42.56,41.72,42.44,37619,UNG
2021-05-24 00:00:00+00:00,35,43,16548,41.72,41.724,40.88,41.68,180703,UNG
2021-05-25 00:00:00+00:00,35,43,16548,41.84,42.24,41.64,42.16,38684,UNG
2021-05-26 00:00:00+00:00,35,43,16548,42.24,42.84,41.88,42.44,88889,UNG
2021-05-27 00:00:00+00:00,35,43,16548,42.36,42.4,41.04,41.68,73516,UNG
2021-05-28 00:00:00+00:00,35,43,16548,41.88,42.76,41.88,42.08,53992,UNG
2021-06-01 00:00:00+00:00,35,43,16548,42.8,44.28,42.8,43.48,150875,UNG
2021-06-02 00:00:00+00:00,35,43,16548,43.48,43.92,42.9,43.28,55034,UNG
2021-06-03 00:00:00+00:00,35,43,16548,43.2,43.28,42.68,43.16,81296,UNG
2021-06-04 00:00:00+00:00,35,43,16548,43.0,43.88,42.36,43.8,68177,UNG
2021-06-07 00:00:00+00:00,35,43,16548,43.48,43.76,42.68,43.76,55012,UNG
2021-06-08 00:00:00+00:00,35,43,16548,43.96,44.92,43.88,44.0,91350,UNG
2021-06-09 00:00:00+00:00,35,43,16548,43.96,44.52,43.68,44.4,53249,UNG
2021-06-10 00:00:00+00:00,35,43,16548,44.44,45.32,44.08,45.32,83813,UNG
2021-06-11 00:00:00+00:00,35,43,16548,45.68,46.8,45.52,46.2,137942,UNG
2021-06-14 00:00:00+00:00,35,43,16548,46.36,47.28,46.04,47.16,84892,UNG
2021-06-15 00:00:00+00:00,35,43,16548,47.24,47.24,45.16,45.16,56751,UNG
2021-06-16 00:00:00+00:00,35,43,16548,45.28,46.0,44.96,45.84,58270,UNG
2021-06-17 00:00:00+00:00,35,43,16548,45.48,45.84,44.9,45.12,76737,UNG
2021-06-18 00:00:00+00:00,35,43,16548,44.76,45.84,44.76,45.24,24579,UNG
2021-06-21 00:00:00+00:00,35,43,16548,44.92,45.2,44.28,45.0,64604,UNG
2021-06-22 00:00:00+00:00,35,43,16548,45.2,46.16,45.16,46.0,40074,UNG
2021-06-23 00:00:00+00:00,35,43,16548,45.88,47.56,45.88,46.6,93398,UNG
2021-06-24 00:00:00+00:00,35,43,16548,46.8,48.32,46.56,48.16,128969,UNG
2021-06-25 00:00:00+00:00,35,43,16548,48.2,49.36,48.12,49.16,123442,UNG
2021-06-28 00:00:00+00:00,35,43,16548,49.52,51.0,49.44,50.16,190294,UNG
2021-06-29 00:00:00+00:00,35,43,16548,50.32,53.24,50.32,51.04,259058,UNG
2021-06-30 00:00:00+00:00,35,43,16548,51.92,53.28,50.4,51.92,194326,UNG
2021-07-01 00:00:00+00:00,35,43,16548,51.96,52.4,50.2,51.16,111743,UNG
2021-07-02 00:00:00+00:00,35,43,16548,50.88,52.24,50.28,51.6,90125,UNG
2021-07-06 00:00:00+00:00,35,43,16548,52.84,52.84,50.44,51.4,124100,UNG
2021-07-07 00:00:00+00:00,35,43,16548,51.52,51.64,49.2,50.04,178000,UNG
2021-07-08 00:00:00+00:00,35,43,16548,50.0,51.96,49.52,51.48,171098,UNG
2021-07-09 00:00:00+00:00,35,43,16548,51.68,52.24,51.16,51.16,64041,UNG
2021-07-12 00:00:00+00:00,35,43,16548,50.76,52.56,50.76,52.48,90232,UNG
2021-07-13 00:00:00+00:00,35,43,16548,52.28,52.28,51.32,51.6,74081,UNG
2021-07-14 00:00:00+00:00,35,43,16548,51.8,52.4,50.68,51.24,88318,UNG
2021-07-15 00:00:00+00:00,35,43,16548,51.2,51.44,50.4,50.52,93947,UNG
2021-07-16 00:00:00+00:00,35,43,16548,50.28,51.444,50.28,51.28,63682,UNG
2021-07-19 00:00:00+00:00,35,43,16548,51.64,52.76,51.64,52.48,100810,UNG
2021-07-20 00:00:00+00:00,35,43,16548,52.52,54.96,52.16,54.72,165968,UNG
2021-07-21 00:00:00+00:00,35,43,16548,54.92,55.32,54.36,54.4,92904,UNG
2021-07-22 00:00:00+00:00,35,43,16548,54.76,55.88,54.4,55.72,120874,UNG
2021-07-23 00:00:00+00:00,35,43,16548,55.76,56.8,55.56,56.48,64386,UNG
2021-07-26 00:00:00+00:00,35,43,16548,56.68,58.32,56.28,57.28,150986,UNG
2021-07-27 00:00:00+00:00,35,43,16548,57.32,57.32,54.8,54.92,109175,UNG
2021-07-28 00:00:00+00:00,35,43,16548,54.04,56.44,54.04,55.4,96595,UNG
2021-07-29 00:00:00+00:00,35,43,16548,55.44,57.4,55.16,56.88,140188,UNG
2021-07-30 00:00:00+00:00,35,43,16548,55.92,56.08,54.12,54.8,111485,UNG
2021-08-02 00:00:00+00:00,35,43,16548,56.08,56.64,55.12,55.68,72041,UNG
2021-08-03 00:00:00+00:00,35,43,16548,55.52,57.12,55.16,57.04,97378,UNG
2021-08-04 00:00:00+00:00,35,43,16548,57.04,58.96,57.04,58.24,124700,UNG
2021-08-05 00:00:00+00:00,35,43,16548,57.88,58.92,57.88,58.24,104469,UNG
2021-08-06 00:00:00+00:00,35,43,16548,57.88,58.72,57.68,58.0,59896,UNG
2021-08-09 00:00:00+00:00,35,43,16548,58.24,58.4,56.12,56.76,88498,UNG
2021-08-10 00:00:00+00:00,35,43,16548,56.8,57.84,56.4,57.6,61931,UNG
2021-08-11 00:00:00+00:00,35,43,16548,57.52,57.52,55.88,56.84,70839,UNG
2021-08-12 00:00:00+00:00,35,43,16548,56.6,56.6,54.72,54.92,154706,UNG
2021-08-13 00:00:00+00:00,35,43,16548,54.44,55.4,53.96,54.16,90724,UNG
2021-08-16 00:00:00+00:00,35,43,16548,53.68,55.88,53.68,55.36,85070,UNG
2021-08-17 00:00:00+00:00,35,43,16548,54.76,55.2,53.34,53.76,163729,UNG
2021-08-18 00:00:00+00:00,35,43,16548,53.68,54.24,53.16,53.52,108962,UNG
2021-08-19 00:00:00+00:00,35,43,16548,53.16,54.32,52.44,54.28,196331,UNG
2021-08-20 00:00:00+00:00,35,43,16548,54.4,55.36,53.68,53.92,65602,UNG
2021-08-23 00:00:00+00:00,35,43,16548,54.6,55.42,54.12,55.28,61312,UNG
2021-08-24 00:00:00+00:00,35,43,16548,55.24,55.52,54.52,54.64,44202,UNG
2021-08-25 00:00:00+00:00,35,43,16548,54.36,56.08,54.2,55.16,166542,UNG
2021-08-26 00:00:00+00:00,35,43,16548,55.04,59.32,54.92,59.28,345167,UNG
2021-08-27 00:00:00+00:00,35,43,16548,59.28,61.64,59.08,61.44,272946,UNG
2021-08-30 00:00:00+00:00,35,43,16548,61.64,61.76,59.0,60.2,157054,UNG
2021-08-31 00:00:00+00:00,35,43,16548,60.36,61.64,58.88,61.44,125106,UNG
2021-09-01 00:00:00+00:00,35,43,16548,61.88,65.68,61.6,64.4,376526,UNG
2021-09-02 00:00:00+00:00,35,43,16548,64.2,65.96,63.96,64.08,209418,UNG
2021-09-03 00:00:00+00:00,35,43,16548,64.84,65.84,64.68,65.76,116518,UNG
2021-09-07 00:00:00+00:00,35,43,16548,65.24,65.36,63.72,64.12,168254,UNG
2021-09-08 00:00:00+00:00,35,43,16548,64.48,69.92,64.48,68.64,663677,UNG
2021-09-09 00:00:00+00:00,35,43,16548,68.72,70.44,67.32,69.88,412080,UNG
2021-09-10 00:00:00+00:00,35,43,16548,70.2,70.52,68.6,69.12,180100,UNG
2021-09-13 00:00:00+00:00,35,43,16548,68.92,73.8,68.92,72.72,252227,UNG
2021-09-14 00:00:00+00:00,35,43,16548,72.64,74.88,72.56,73.76,280789,UNG
2021-09-15 00:00:00+00:00,35,43,16548,74.0,78.84,74.0,75.12,537288,UNG
2021-09-16 00:00:00+00:00,35,43,16548,75.08,78.12,73.12,73.88,559294,UNG
2021-09-17 00:00:00+00:00,35,43,16548,74.12,75.16,70.4,70.4,301528,UNG
2021-09-20 00:00:00+00:00,35,43,16548,70.08,72.0,68.48,68.88,218036,UNG
2021-09-21 00:00:00+00:00,35,43,16548,69.52,70.16,65.98,67.0,234760,UNG
2021-09-22 00:00:00+00:00,35,43,16548,67.92,68.12,66.36,66.68,190255,UNG
2021-09-23 00:00:00+00:00,35,43,16548,66.64,70.8,66.6,70.8,275140,UNG
2021-09-24 00:00:00+00:00,35,43,16548,70.8,73.0,69.84,72.64,207766,UNG
2021-09-27 00:00:00+00:00,35,43,16548,74.24,83.24,74.2,82.44,853550,UNG
2021-09-28 00:00:00+00:00,35,43,16548,83.96,87.24,78.16,82.04,1131725,UNG
2021-09-29 00:00:00+00:00,35,43,16548,80.32,80.88,74.0,74.72,512001,UNG
2021-09-30 00:00:00+00:00,35,43,16548,77.24,83.16,76.06,82.0,882712,UNG
2021-10-01 00:00:00+00:00,35,43,16548,81.48,82.12,76.68,78.12,530958,UNG
2021-10-04 00:00:00+00:00,35,43,16548,79.92,83.84,78.36,80.96,653774,UNG
2021-10-05 00:00:00+00:00,35,43,16548,81.2,88.4,81.2,87.48,729492,UNG
2021-10-06 00:00:00+00:00,35,43,16548,88.2,89.24,78.32,80.16,872586,UNG
2021-10-07 00:00:00+00:00,35,43,16548,75.64,80.12,74.68,79.8,605239,UNG
2021-10-08 00:00:00+00:00,35,43,16548,79.92,80.12,76.8,77.36,326186,UNG
2021-10-11 00:00:00+00:00,35,43,16548,79.92,80.08,73.48,74.0,464280,UNG
2021-10-12 00:00:00+00:00,35,43,16548,72.88,76.36,71.64,75.12,502800,UNG
2021-10-13 00:00:00+00:00,35,43,16548,75.32,78.72,74.08,78.48,407288,UNG
2021-10-14 00:00:00+00:00,35,43,16548,79.0,82.32,77.52,77.92,360082,UNG
2021-10-15 00:00:00+00:00,35,43,16548,79.16,79.88,75.04,75.68,321688,UNG
2021-10-18 00:00:00+00:00,35,43,16548,72.72,74.8,69.58,69.84,402303,UNG
2021-10-19 00:00:00+00:00,35,43,16548,70.2,71.6,67.8,71.2,392738,UNG
2021-10-20 00:00:00+00:00,35,43,16548,71.28,73.28,69.4,73.04,335932,UNG
2021-10-21 00:00:00+00:00,35,43,16548,73.08,73.12,70.08,71.84,272259,UNG
2021-10-22 00:00:00+00:00,35,43,16548,71.96,74.64,71.6,73.28,314895,UNG
2021-10-25 00:00:00+00:00,35,43,16548,76.48,82.72,76.36,82.68,584652,UNG
2021-10-26 00:00:00+00:00,35,43,16548,81.4,82.04,76.6,79.32,490685,UNG
2021-10-27 00:00:00+00:00,35,43,16548,79.36,83.88,78.72,81.76,568268,UNG
2021-10-28 00:00:00+00:00,35,43,16548,82.24,82.8,76.34,76.72,498879,UNG
2021-10-29 00:00:00+00:00,35,43,16548,77.24,77.48,72.2,74.0,457974,UNG
2021-11-01 00:00:00+00:00,35,43,16548,72.12,73.28,68.38,69.8,521180,UNG
2021-11-02 00:00:00+00:00,35,43,16548,70.68,74.6,70.64,73.84,569348,UNG
2021-11-03 00:00:00+00:00,35,43,16548,74.16,78.4,72.96,77.76,390939,UNG
2021-11-04 00:00:00+00:00,35,43,16548,75.96,78.1,73.96,76.64,301509,UNG
2021-11-05 00:00:00+00:00,35,43,16548,74.68,76.12,73.52,75.08,302189,UNG
2021-11-08 00:00:00+00:00,35,43,16548,75.52,75.52,71.96,72.2,339385,UNG
2021-11-09 00:00:00+00:00,35,43,16548,71.84,72.0,65.64,66.72,820768,UNG
2021-11-10 00:00:00+00:00,35,43,16548,65.84,66.2,63.16,65.72,592485,UNG
2021-11-11 00:00:00+00:00,35,43,16548,66.16,69.12,65.52,68.44,397460,UNG
2021-11-12 00:00:00+00:00,35,43,16548,67.92,68.04,63.48,64.2,519413,UNG
2021-11-15 00:00:00+00:00,35,43,16548,64.4,67.56,63.0,67.32,604929,UNG
2021-11-16 00:00:00+00:00,35,43,16548,68.16,71.88,68.0,68.6,497968,UNG
2021-11-17 00:00:00+00:00,35,43,16548,67.84,68.08,64.28,65.36,392667,UNG
2021-11-18 00:00:00+00:00,35,43,16548,66.16,67.28,64.92,66.0,254909,UNG
2021-11-19 00:00:00+00:00,35,43,16548,66.0,68.6,64.72,67.28,488567,UNG
2021-11-22 00:00:00+00:00,35,43,16548,65.48,65.48,62.12,64.08,620018,UNG
2021-11-23 00:00:00+00:00,35,43,16548,65.72,67.44,65.4,65.56,349302,UNG
2021-11-24 00:00:00+00:00,35,43,16548,66.12,68.16,64.88,66.72,289217,UNG
2021-11-26 00:00:00+00:00,35,43,16548,67.28,72.24,67.12,71.2,338054,UNG
2021-11-29 00:00:00+00:00,35,43,16548,66.84,67.04,63.16,63.6,574134,UNG
2021-11-30 00:00:00+00:00,35,43,16548,60.92,61.64,58.76,60.4,655443,UNG
2021-12-01 00:00:00+00:00,35,43,16548,58.0,58.4,55.36,56.44,663948,UNG
2021-12-02 00:00:00+00:00,35,43,16548,56.16,56.72,53.0,54.04,633445,UNG
2021-12-03 00:00:00+00:00,35,43,16548,55.16,55.72,53.28,53.68,529464,UNG
2021-12-06 00:00:00+00:00,35,43,16548,50.32,50.72,47.64,48.28,569710,UNG
2021-12-07 00:00:00+00:00,35,43,16548,49.56,50.16,48.04,49.08,278230,UNG
2021-12-08 00:00:00+00:00,35,43,16548,50.08,51.36,49.88,50.16,294969,UNG
2021-12-09 00:00:00+00:00,35,43,16548,49.84,51.4,48.92,49.52,250423,UNG
2021-12-10 00:00:00+00:00,35,43,16548,50.64,51.92,50.12,51.0,274178,UNG
2021-12-13 00:00:00+00:00,35,43,16548,52.52,53.4,49.4,49.56,375232,UNG
2021-12-14 00:00:00+00:00,35,43,16548,49.12,50.02,48.36,49.6,253906,UNG
2021-12-15 00:00:00+00:00,35,43,16548,49.88,51.36,49.6,50.2,260977,UNG
2021-12-16 00:00:00+00:00,35,43,16548,51.28,52.0,48.84,49.64,239255,UNG
2021-12-17 00:00:00+00:00,35,43,16548,48.4,49.9,47.48,48.16,230586,UNG
2021-12-20 00:00:00+00:00,35,43,16548,48.88,51.04,48.8,49.96,249276,UNG
2021-12-21 00:00:00+00:00,35,43,16548,48.8,50.96,48.52,50.32,196751,UNG
2021-12-22 00:00:00+00:00,35,43,16548,50.36,52.2,50.36,51.2,152850,UNG
2021-12-23 00:00:00+00:00,35,43,16548,50.56,50.68,46.76,48.24,529441,UNG
2021-12-27 00:00:00+00:00,35,43,16548,48.88,52.8,48.36,52.72,488948,UNG
2021-12-28 00:00:00+00:00,35,43,16548,52.8,53.2,50.6,51.76,195691,UNG
2021-12-29 00:00:00+00:00,35,43,16548,52.64,54.12,50.72,51.2,306009,UNG
2021-12-30 00:00:00+00:00,35,43,16548,52.36,52.4,47.04,48.0,391906,UNG
2021-12-31 00:00:00+00:00,35,43,16548,48.68,50.36,47.6,50.0,232870,UNG
2022-01-03 00:00:00+00:00,35,43,16548,49.28,51.2,48.36,50.72,366058,UNG
2022-01-04 00:00:00+00:00,35,43,16548,50.76,52.32,49.32,49.64,256812,UNG
2022-01-05 00:00:00+00:00,35,43,16548,50.12,51.72,50.0,51.2,202739,UNG
2022-01-06 00:00:00+00:00,35,43,16548,51.2,52.08,50.6,51.36,256577,UNG
2022-01-07 00:00:00+00:00,35,43,16548,51.32,52.84,51.12,52.32,215387,UNG
2022-01-10 00:00:00+00:00,35,43,16548,54.6,55.92,52.86,54.72,414144,UNG
2022-01-11 00:00:00+00:00,35,43,16548,53.76,56.56,53.32,56.04,261216,UNG
2022-01-12 00:00:00+00:00,35,43,16548,58.16,64.76,58.16,63.72,726304,UNG
2022-01-13 00:00:00+00:00,35,43,16548,63.32,63.32,56.44,56.84,523857,UNG
2022-01-14 00:00:00+00:00,35,43,16548,56.6,57.2,55.2,56.84,352615,UNG
2022-01-18 00:00:00+00:00,35,43,16548,57.24,57.96,56.2,57.48,395196,UNG
2022-01-19 00:00:00+00:00,35,43,16548,56.4,57.2,52.52,53.56,467308,UNG
2022-01-20 00:00:00+00:00,35,43,16548,53.72,53.72,50.84,51.52,383787,UNG
2022-01-21 00:00:00+00:00,35,43,16548,52.52,53.56,51.56,52.48,371646,UNG
2022-01-24 00:00:00+00:00,35,43,16548,52.4,54.76,52.04,53.4,346308,UNG
2022-01-25 00:00:00+00:00,35,43,16548,53.56,54.84,52.96,54.48,238269,UNG
2022-01-26 00:00:00+00:00,35,43,16548,57.12,58.64,55.6,56.4,540826,UNG
2022-01-27 00:00:00+00:00,35,43,16548,57.0,61.84,56.28,60.8,755443,UNG
2022-01-28 00:00:00+00:00,35,43,16548,61.4,68.24,61.36,65.6,1208225,UNG
2022-01-31 00:00:00+00:00,35,43,16548,69.2,69.64,65.76,69.0,562267,UNG
2022-02-01 00:00:00+00:00,35,43,16548,67.08,68.8,64.8,68.24,503126,UNG
2022-02-02 00:00:00+00:00,35,43,16548,68.92,77.96,68.92,75.88,1199982,UNG
2022-02-03 00:00:00+00:00,35,43,16548,73.4,73.64,67.48,68.92,603010,UNG
2022-02-04 00:00:00+00:00,35,43,16548,69.88,70.4,62.84,63.4,407576,UNG
2022-02-07 00:00:00+00:00,35,43,16548,62.2,62.4,57.68,59.72,598264,UNG
2022-02-08 00:00:00+00:00,35,43,16548,59.76,61.24,58.48,59.08,434752,UNG
2022-02-09 00:00:00+00:00,35,43,16548,58.28,58.28,55.78,56.6,440372,UNG
2022-02-10 00:00:00+00:00,35,43,16548,55.56,56.2,54.36,55.16,315928,UNG
2022-02-11 00:00:00+00:00,35,43,16548,55.92,56.56,54.32,56.16,699196,UNG
2022-02-14 00:00:00+00:00,35,43,16548,57.6,58.88,56.52,58.28,463660,UNG
2022-02-15 00:00:00+00:00,35,43,16548,60.48,61.16,58.568,60.64,446120,UNG
2022-02-16 00:00:00+00:00,35,43,16548,61.28,64.68,61.28,63.44,545295,UNG
2022-02-17 00:00:00+00:00,35,43,16548,64.0,64.8,61.24,63.24,324202,UNG
2022-02-18 00:00:00+00:00,35,43,16548,61.52,64.4,61.3,61.76,506006,UNG
2022-02-22 00:00:00+00:00,35,43,16548,62.64,64.64,62.16,63.0,412842,UNG
2022-02-23 00:00:00+00:00,35,43,16548,62.72,65.96,62.6,65.2,423751,UNG
2022-02-24 00:00:00+00:00,35,43,16548,68.88,69.52,64.2,65.16,634634,UNG
2022-02-25 00:00:00+00:00,35,43,16548,63.28,64.44,62.2,63.6,317274,UNG
2022-02-28 00:00:00+00:00,35,43,16548,65.16,65.2,61.56,61.88,284454,UNG
2022-03-01 00:00:00+00:00,35,43,16548,62.28,65.36,62.28,65.36,341052,UNG
2022-03-02 00:00:00+00:00,35,43,16548,66.68,69.12,65.52,67.84,455723,UNG
2022-03-03 00:00:00+00:00,35,43,16548,68.84,68.88,65.2,66.92,487412,UNG
2022-03-04 00:00:00+00:00,35,43,16548,67.48,71.0,67.12,69.4,517807,UNG
2022-03-07 00:00:00+00:00,35,43,16548,71.44,72.84,67.36,67.76,501379,UNG
2022-03-08 00:00:00+00:00,35,43,16548,66.24,66.4,63.48,64.72,578912,UNG
2022-03-09 00:00:00+00:00,35,43,16548,64.4,64.68,62.72,63.92,369040,UNG
2022-03-10 00:00:00+00:00,35,43,16548,65.0,65.8,63.8,65.8,201583,UNG
2022-03-11 00:00:00+00:00,35,43,16548,66.0,67.54,65.6,67.16,212619,UNG
2022-03-14 00:00:00+00:00,35,43,16548,65.08,66.12,63.44,65.6,224484,UNG
2022-03-15 00:00:00+00:00,35,43,16548,64.28,65.18,62.8,64.88,187572,UNG
2022-03-16 00:00:00+00:00,35,43,16548,66.72,67.2,65.32,66.8,180466,UNG
2022-03-17 00:00:00+00:00,35,43,16548,66.52,70.24,66.52,69.4,240471,UNG
2022-03-18 00:00:00+00:00,35,43,16548,68.16,69.6,67.92,69.6,141584,UNG
2022-03-21 00:00:00+00:00,35,43,16548,69.28,69.88,66.9,69.64,127884,UNG
2022-03-22 00:00:00+00:00,35,43,16548,68.96,73.2,68.92,72.64,252676,UNG
2022-03-23 00:00:00+00:00,35,43,16548,72.6,74.8,71.8,72.16,249639,UNG
2022-03-24 00:00:00+00:00,35,43,16548,73.52,76.88,71.4,76.52,395405,UNG
2022-03-25 00:00:00+00:00,35,43,16548,76.2,78.52,75.36,78.12,466026,UNG
2022-03-28 00:00:00+00:00,35,43,16548,78.56,78.64,76.16,76.52,283101,UNG
2022-03-29 00:00:00+00:00,35,43,16548,76.12,76.76,74.08,74.4,371099,UNG
2022-03-30 00:00:00+00:00,35,43,16548,74.92,78.48,74.32,77.84,337505,UNG
2022-03-31 00:00:00+00:00,35,43,16548,77.08,81.4,76.24,79.12,459828,UNG
2022-04-01 00:00:00+00:00,35,43,16548,78.92,80.64,77.08,79.92,257497,UNG
2022-04-04 00:00:00+00:00,35,43,16548,80.12,81.72,78.92,80.72,272478,UNG
2022-04-05 00:00:00+00:00,35,43,16548,82.0,86.52,81.56,84.92,473499,UNG
2022-04-06 00:00:00+00:00,35,43,16548,85.12,89.16,83.76,85.08,691237,UNG
2022-04-07 00:00:00+00:00,35,43,16548,85.6,89.88,83.76,89.2,775330,UNG
2022-04-08 00:00:00+00:00,35,43,16548,89.32,91.2,87.4,88.36,382323,UNG
2022-04-11 00:00:00+00:00,35,43,16548,87.92,93.96,87.76,93.76,607820,UNG
2022-04-12 00:00:00+00:00,35,43,16548,94.36,96.92,92.16,93.48,836504,UNG
2022-04-13 00:00:00+00:00,35,43,16548,93.4,98.96,93.24,98.36,663000,UNG
2022-04-14 00:00:00+00:00,35,43,16548,98.08,102.52,97.12,101.84,644167,UNG
2022-04-18 00:00:00+00:00,35,43,16548,108.0,112.54,104.32,109.16,1078564,UNG
2022-04-19 00:00:00+00:00,35,43,16548,105.24,107.64,96.92,100.24,831375,UNG
2022-04-20 00:00:00+00:00,35,43,16548,98.96,102.92,94.76,96.24,558782,UNG
2022-04-21 00:00:00+00:00,35,43,16548,95.72,99.8,93.88,97.04,604397,UNG
2022-04-22 00:00:00+00:00,35,43,16548,99.68,99.68,90.2,91.8,542192,UNG
2022-04-25 00:00:00+00:00,35,43,16548,89.68,97.68,89.48,96.4,605824,UNG
2022-04-26 00:00:00+00:00,35,43,16548,96.0,98.52,93.32,95.8,742656,UNG
2022-04-27 00:00:00+00:00,35,43,16548,97.2,103.24,95.96,100.56,626325,UNG
2022-04-28 00:00:00+00:00,35,43,16548,100.08,100.84,94.52,95.2,616082,UNG
2022-04-29 00:00:00+00:00,35,43,16548,93.8,100.72,93.56,99.8,452561,UNG
2022-05-02 00:00:00+00:00,35,43,16548,102.0,104.56,99.48,104.2,323112,UNG
2022-05-03 00:00:00+00:00,35,43,16548,106.08,112.16,105.28,108.16,717453,UNG
2022-05-04 00:00:00+00:00,35,43,16548,108.64,116.36,108.48,115.08,584087,UNG
2022-05-05 00:00:00+00:00,35,43,16548,116.48,122.36,111.48,121.96,611822,UNG
2022-05-06 00:00:00+00:00,35,43,16548,119.16,123.44,109.32,110.68,780304,UNG
2022-05-09 00:00:00+00:00,35,43,16548,112.08,113.68,95.68,97.76,926700,UNG
2022-05-10 00:00:00+00:00,35,43,16548,96.4,102.48,88.52,101.2,912376,UNG
2022-05-11 00:00:00+00:00,35,43,16548,102.64,106.04,102.16,104.84,398136,UNG
2022-05-12 00:00:00+00:00,35,43,16548,102.24,106.96,99.84,105.72,353328,UNG
2022-05-13 00:00:00+00:00,35,43,16548,107.16,108.64,103.24,105.6,302545,UNG
2022-05-16 00:00:00+00:00,35,43,16548,107.08,112.24,105.32,111.32,489218,UNG
2022-05-17 00:00:00+00:00,35,43,16548,110.96,114.92,110.64,114.68,517316,UNG
2022-05-18 00:00:00+00:00,35,43,16548,112.36,117.16,110.76,111.6,344922,UNG
2022-05-19 00:00:00+00:00,35,43,16548,111.48,116.52,108.48,111.6,351158,UNG
2022-05-20 00:00:00+00:00,35,43,16548,111.16,112.4,107.88,111.96,455664,UNG
2022-05-23 00:00:00+00:00,35,43,16548,111.32,120.8,108.0,120.12,539384,UNG
2022-05-24 00:00:00+00:00,35,43,16548,120.28,122.2,117.96,121.0,479647,UNG
2022-05-25 00:00:00+00:00,35,43,16548,120.16,127.96,119.84,122.6,659086,UNG
2022-05-26 00:00:00+00:00,35,43,16548,118.44,128.08,117.12,119.68,487396,UNG
2022-05-27 00:00:00+00:00,35,43,16548,119.28,119.48,112.42,118.72,440106,UNG
2022-05-31 00:00:00+00:00,35,43,16548,118.44,118.76,110.16,112.08,518844,UNG
2022-06-01 00:00:00+00:00,35,43,16548,113.32,119.28,110.8,118.76,639284,UNG
2022-06-02 00:00:00+00:00,35,43,16548,118.52,122.84,113.76,114.88,595516,UNG
2022-06-03 00:00:00+00:00,35,43,16548,112.56,117.76,112.48,115.84,378995,UNG
2022-06-06 00:00:00+00:00,35,43,16548,119.6,127.48,119.6,127.2,603252,UNG
2022-06-07 00:00:00+00:00,35,43,16548,126.92,129.16,124.84,127.52,437380,UNG
2022-06-08 00:00:00+00:00,35,43,16548,126.72,131.08,110.4,110.96,848176,UNG
2022-06-09 00:00:00+00:00,35,43,16548,111.84,123.48,108.8,122.88,645692,UNG
2022-06-10 00:00:00+00:00,35,43,16548,121.68,123.96,117.0,119.28,325449,UNG
2022-06-13 00:00:00+00:00,35,43,16548,117.56,120.96,113.76,117.76,346502,UNG
2022-06-14 00:00:00+00:00,35,43,16548,117.36,120.48,95.04,98.12,1062760,UNG
2022-06-15 00:00:00+00:00,35,43,16548,98.56,104.36,98.48,102.8,311363,UNG
2022-06-16 00:00:00+00:00,35,43,16548,102.96,108.6,99.4,101.0,382008,UNG
2022-06-17 00:00:00+00:00,35,43,16548,100.68,102.64,93.0,95.24,433881,UNG
2022-06-21 00:00:00+00:00,35,43,16548,91.16,94.52,88.92,92.44,345706,UNG
2022-06-22 00:00:00+00:00,35,43,16548,90.8,94.48,89.2,91.32,204286,UNG
2022-06-23 00:00:00+00:00,35,43,16548,92.0,93.0,84.88,85.32,343052,UNG
2022-06-24 00:00:00+00:00,35,43,16548,84.36,87.08,83.6,84.56,254578,UNG
2022-06-27 00:00:00+00:00,35,43,16548,83.72,89.68,83.0,88.0,313864,UNG
2022-06-28 00:00:00+00:00,35,43,16548,88.76,91.64,88.16,90.84,347926,UNG
2022-06-29 00:00:00+00:00,35,43,16548,92.44,92.92,87.16,87.68,303743,UNG
2022-06-30 00:00:00+00:00,35,43,16548,88.48,89.76,73.12,77.0,721981,UNG
2022-07-01 00:00:00+00:00,35,43,16548,77.8,80.88,76.52,76.8,397362,UNG
2022-07-05 00:00:00+00:00,35,43,16548,77.0,79.2,72.8,77.0,440676,UNG
2022-07-06 00:00:00+00:00,35,43,16548,77.0,78.0,73.24,75.28,206459,UNG
2022-07-07 00:00:00+00:00,35,43,16548,76.24,86.8,75.16,84.2,550729,UNG
2022-07-08 00:00:00+00:00,35,43,16548,83.6,85.72,81.88,82.72,240756,UNG
2022-07-11 00:00:00+00:00,35,43,16548,85.56,90.96,85.08,88.88,387514,UNG
2022-07-12 00:00:00+00:00,35,43,16548,88.2,92.2,81.88,85.0,561428,UNG
2022-07-13 00:00:00+00:00,35,43,16548,85.2,92.48,84.88,90.0,370611,UNG
2022-07-14 00:00:00+00:00,35,43,16548,91.52,93.84,89.08,91.76,255826,UNG
2022-07-15 00:00:00+00:00,35,43,16548,90.44,97.32,87.64,97.2,242777,UNG
2022-07-18 00:00:00+00:00,35,43,16548,98.48,102.84,96.48,101.0,278975,UNG
2022-07-19 00:00:00+00:00,35,43,16548,101.72,102.16,96.84,99.36,240673,UNG
2022-07-20 00:00:00+00:00,35,43,16548,97.92,109.32,97.92,107.4,301633,UNG
2022-07-21 00:00:00+00:00,35,43,16548,104.64,110.92,103.6,106.84,309438,UNG
2022-07-22 00:00:00+00:00,35,43,16548,106.68,114.32,105.6,113.44,387679,UNG
2022-07-25 00:00:00+00:00,35,43,16548,109.8,120.06,109.8,119.0,311802,UNG
2022-07-26 00:00:00+00:00,35,43,16548,120.0,129.84,119.52,121.2,728548,UNG
2022-07-27 00:00:00+00:00,35,43,16548,121.2,123.88,115.12,119.16,375632,UNG
2022-07-28 00:00:00+00:00,35,43,16548,118.28,122.0,111.8,113.48,381628,UNG
2022-07-29 00:00:00+00:00,35,43,16548,113.08,115.56,110.52,115.08,355491,UNG
2022-08-01 00:00:00+00:00,35,43,16548,109.24,114.48,107.04,112.8,508131,UNG
2022-08-02 00:00:00+00:00,35,43,16548,112.28,112.28,105.24,105.84,451634,UNG
2022-08-03 00:00:00+00:00,35,43,16548,107.2,116.92,104.24,113.68,594313,UNG
2022-08-04 00:00:00+00:00,35,43,16548,113.8,116.56,107.84,112.28,411718,UNG
2022-08-05 00:00:00+00:00,35,43,16548,111.72,113.72,109.2,110.56,245663,UNG
2022-08-08 00:00:00+00:00,35,43,16548,108.56,108.84,104.04,105.32,270000,UNG
2022-08-09 00:00:00+00:00,35,43,16548,105.6,108.82,105.6,108.36,237050,UNG
2022-08-10 00:00:00+00:00,35,43,16548,108.36,114.04,106.4,113.12,460241,UNG
2022-08-11 00:00:00+00:00,35,43,16548,110.12,124.04,110.12,120.0,443911,UNG
2022-08-12 00:00:00+00:00,35,43,16548,120.08,123.0,118.0,121.16,267544,UNG
2022-08-15 00:00:00+00:00,35,43,16548,119.2,123.28,115.96,122.04,345356,UNG
2022-08-16 00:00:00+00:00,35,43,16548,122.76,129.88,122.56,129.32,414068,UNG
2022-08-17 00:00:00+00:00,35,43,16548,132.96,133.32,125.84,126.64,248220,UNG
2022-08-18 00:00:00+00:00,35,43,16548,131.36,133.12,122.96,127.48,463788,UNG
2022-08-19 00:00:00+00:00,35,43,16548,125.92,129.48,122.6,128.16,242538,UNG
2022-08-22 00:00:00+00:00,35,43,16548,132.08,137.6,129.32,135.6,346410,UNG
2022-08-23 00:00:00+00:00,35,43,16548,136.92,138.0,124.72,127.32,675623,UNG
2022-08-24 00:00:00+00:00,35,43,16548,124.0,130.12,124.0,127.4,369358,UNG
2022-08-25 00:00:00+00:00,35,43,16548,131.28,131.28,126.6,129.44,187022,UNG
2022-08-26 00:00:00+00:00,35,43,16548,132.0,133.36,126.8,128.28,255278,UNG
2022-08-29 00:00:00+00:00,35,43,16548,131.84,132.12,124.36,128.36,272700,UNG
2022-08-30 00:00:00+00:00,35,43,16548,127.4,128.12,122.64,125.96,247653,UNG
2022-08-31 00:00:00+00:00,35,43,16548,126.56,128.36,122.0,127.04,208724,UNG
2022-09-01 00:00:00+00:00,35,43,16548,124.76,129.88,124.72,126.92,247824,UNG
2022-09-02 00:00:00+00:00,35,43,16548,128.08,128.08,119.24,123.2,470370,UNG
2022-09-06 00:00:00+00:00,35,43,16548,121.76,121.8,108.32,111.16,414268,UNG
2022-09-07 00:00:00+00:00,35,43,16548,110.8,114.56,107.2,109.08,323216,UNG
2022-09-08 00:00:00+00:00,35,43,16548,108.08,111.48,107.64,110.16,198573,UNG
2022-09-09 00:00:00+00:00,35,43,16548,111.8,113.48,109.2,111.4,163462,UNG
2022-09-12 00:00:00+00:00,35,43,16548,111.76,116.84,108.92,116.6,236998,UNG
2022-09-13 00:00:00+00:00,35,43,16548,115.88,116.92,112.8,115.96,212692,UNG
2022-09-14 00:00:00+00:00,35,43,16548,116.0,127.72,115.4,126.12,383560,UNG
2022-09-15 00:00:00+00:00,35,43,16548,124.96,124.96,113.56,114.2,301171,UNG
2022-09-16 00:00:00+00:00,35,43,16548,113.16,114.8,106.92,108.48,263474,UNG
2022-09-19 00:00:00+00:00,35,43,16548,105.92,109.6,102.68,109.44,236730,UNG
2022-09-20 00:00:00+00:00,35,43,16548,108.8,110.52,106.0,107.2,175703,UNG
2022-09-21 00:00:00+00:00,35,43,16548,109.6,112.48,104.68,107.28,195420,UNG
2022-09-22 00:00:00+00:00,35,43,16548,106.76,107.6,98.68,100.6,184967,UNG
2022-09-23 00:00:00+00:00,35,43,16548,99.92,100.12,94.48,97.52,343905,UNG
2022-09-26 00:00:00+00:00,35,43,16548,96.0,97.44,92.12,97.32,226210,UNG
2022-09-27 00:00:00+00:00,35,43,16548,98.84,99.4,92.76,94.32,320220,UNG
2022-09-28 00:00:00+00:00,35,43,16548,94.52,96.88,90.4,96.2,229620,UNG
2022-09-29 00:00:00+00:00,35,43,16548,97.0,98.12,90.64,94.72,211777,UNG
2022-09-30 00:00:00+00:00,35,43,16548,95.44,96.92,92.36,93.84,209062,UNG
2022-10-03 00:00:00+00:00,35,43,16548,91.84,92.48,86.84,89.72,268200,UNG
2022-10-04 00:00:00+00:00,35,43,16548,89.6,94.76,86.96,93.8,319906,UNG
2022-10-05 00:00:00+00:00,35,43,16548,92.44,96.64,91.44,95.96,238428,UNG
2022-10-06 00:00:00+00:00,35,43,16548,96.68,98.92,94.0,94.36,194276,UNG
2022-10-07 00:00:00+00:00,35,43,16548,92.84,95.32,89.8,90.76,199932,UNG
2022-10-10 00:00:00+00:00,35,43,16548,92.16,95.0,88.32,90.4,238195,UNG
2022-10-11 00:00:00+00:00,35,43,16548,89.76,91.76,87.72,91.24,193915,UNG
2022-10-12 00:00:00+00:00,35,43,16548,91.24,93.6,88.16,88.68,188702,UNG
2022-10-13 00:00:00+00:00,35,43,16548,90.4,93.28,87.4,92.6,249427,UNG
2022-10-14 00:00:00+00:00,35,43,16548,91.6,92.0,88.56,89.6,188524,UNG
2022-10-17 00:00:00+00:00,35,43,16548,86.4,86.76,82.52,83.12,268782,UNG
2022-10-18 00:00:00+00:00,35,43,16548,82.68,84.52,79.44,80.56,306542,UNG
2022-10-19 00:00:00+00:00,35,43,16548,80.4,80.4,76.12,76.72,298577,UNG
2022-10-20 00:00:00+00:00,35,43,16548,77.8,77.88,74.04,75.04,472025,UNG
2022-10-21 00:00:00+00:00,35,43,16548,73.6,73.64,69.68,71.56,420840,UNG
2022-10-24 00:00:00+00:00,35,43,16548,70.28,75.4,69.04,74.8,340272,UNG
2022-10-25 00:00:00+00:00,35,43,16548,75.12,81.04,74.0,80.64,379994,UNG
2022-10-26 00:00:00+00:00,35,43,16548,79.92,80.2,75.32,79.56,416836,UNG
2022-10-27 00:00:00+00:00,35,43,16548,79.56,79.56,73.76,75.68,309474,UNG
2022-10-28 00:00:00+00:00,35,43,16548,74.8,75.6,71.68,74.6,284120,UNG
2022-10-31 00:00:00+00:00,35,43,16548,78.96,82.56,78.64,80.92,449438,UNG
2022-11-01 00:00:00+00:00,35,43,16548,79.96,80.8,72.6,75.36,442244,UNG
2022-11-02 00:00:00+00:00,35,43,16548,76.0,81.36,75.8,80.12,282154,UNG
2022-11-03 00:00:00+00:00,35,43,16548,78.4,79.64,75.92,76.68,276787,UNG
2022-11-04 00:00:00+00:00,35,43,16548,79.2,84.04,76.28,84.04,360612,UNG
2022-11-07 00:00:00+00:00,35,43,16548,89.32,93.28,84.924,86.76,503097,UNG
2022-11-08 00:00:00+00:00,35,43,16548,84.48,85.44,78.36,81.64,487080,UNG
2022-11-09 00:00:00+00:00,35,43,16548,79.72,80.24,73.88,76.6,423487,UNG
2022-11-10 00:00:00+00:00,35,43,16548,74.96,80.88,74.72,79.68,296834,UNG
2022-11-11 00:00:00+00:00,35,43,16548,80.88,84.0,74.68,76.8,569566,UNG
2022-11-14 00:00:00+00:00,35,43,16548,79.96,82.8,76.2,78.4,640570,UNG
2022-11-15 00:00:00+00:00,35,43,16548,77.96,79.6,75.48,78.96,340572,UNG
2022-11-16 00:00:00+00:00,35,43,16548,77.32,80.7,74.36,80.32,455934,UNG
2022-11-17 00:00:00+00:00,35,43,16548,81.4,84.2,80.36,82.08,379599,UNG
2022-11-18 00:00:00+00:00,35,43,16548,80.4,83.16,78.32,82.6,470483,UNG
2022-11-21 00:00:00+00:00,35,43,16548,81.68,88.58,81.2,87.04,312831,UNG
2022-11-22 00:00:00+00:00,35,43,16548,84.36,92.44,84.2,92.08,322722,UNG
2022-11-23 00:00:00+00:00,35,43,16548,95.64,99.6,92.48,94.08,443271,UNG
2022-11-25 00:00:00+00:00,35,43,16548,90.84,94.44,87.84,89.6,194382,UNG
2022-11-28 00:00:00+00:00,35,43,16548,86.8,89.96,85.0,89.12,374086,UNG
2022-11-29 00:00:00+00:00,35,43,16548,88.28,90.4,86.48,88.08,246868,UNG
2022-11-30 00:00:00+00:00,35,43,16548,87.8,89.0,83.0,85.0,335599,UNG
2022-12-01 00:00:00+00:00,35,43,16548,84.64,87.8,81.8,82.68,347969,UNG
2022-12-02 00:00:00+00:00,35,43,16548,80.48,82.4,75.88,76.36,538381,UNG
2022-12-05 00:00:00+00:00,35,43,16548,73.28,73.76,68.04,68.52,854845,UNG
2022-12-06 00:00:00+00:00,35,43,16548,67.24,68.7,65.204,65.96,398685,UNG
2022-12-07 00:00:00+00:00,35,43,16548,69.2,71.8,65.88,71.4,538965,UNG
2022-12-08 00:00:00+00:00,35,43,16548,70.52,75.12,70.36,72.32,320710,UNG
2022-12-09 00:00:00+00:00,35,43,16548,72.4,77.88,71.72,76.56,556596,UNG
2022-12-12 00:00:00+00:00,35,43,16548,83.2,86.0,79.16,80.48,474262,UNG
2022-12-13 00:00:00+00:00,35,43,16548,82.88,86.64,82.2,83.92,564724,UNG
2022-12-14 00:00:00+00:00,35,43,16548,80.52,81.72,77.36,78.2,428058,UNG
2022-12-15 00:00:00+00:00,35,43,16548,79.32,85.32,77.72,82.56,393597,UNG
2022-12-16 00:00:00+00:00,35,43,16548,80.32,81.6,76.24,81.0,383494,UNG
2022-12-19 00:00:00+00:00,35,43,16548,77.36,77.44,71.6,72.44,401221,UNG
2022-12-20 00:00:00+00:00,35,43,16548,70.88,71.32,65.64,67.72,445822,UNG
2022-12-21 00:00:00+00:00,35,43,16548,69.32,69.44,65.8,68.72,344302,UNG
2022-12-22 00:00:00+00:00,35,43,16548,67.8,68.44,62.4,64.2,526053,UNG
2022-12-23 00:00:00+00:00,35,43,16548,63.4,65.28,60.72,63.36,453368,UNG
2022-12-27 00:00:00+00:00,35,43,16548,64.4,65.68,63.52,63.8,446945,UNG
2022-12-28 00:00:00+00:00,35,43,16548,61.88,62.56,56.76,60.72,484963,UNG
2022-12-29 00:00:00+00:00,35,43,16548,59.88,60.72,56.24,58.52,324557,UNG
2022-12-30 00:00:00+00:00,35,43,16548,57.8,58.6,55.7,56.52,404686,UNG
2023-01-03 00:00:00+00:00,35,43,16548,55.88,55.88,49.64,51.16,438519,UNG
2023-01-04 00:00:00+00:00,35,43,16548,50.76,53.6,50.12,52.68,286361,UNG
2023-01-05 00:00:00+00:00,35,43,16548,52.28,52.6,46.48,47.68,670959,UNG
2023-01-06 00:00:00+00:00,35,43,16548,47.84,48.8,45.52,48.04,491995,UNG
2023-01-09 00:00:00+00:00,35,43,16548,48.8,52.48,48.2,49.0,482092,UNG
2023-01-10 00:00:00+00:00,35,43,16548,47.6,48.72,45.16,45.56,631948,UNG
2023-01-11 00:00:00+00:00,35,43,16548,46.76,48.04,43.58,46.6,1057588,UNG
2023-01-12 00:00:00+00:00,35,43,16548,47.4,50.16,46.724,46.84,558732,UNG
2023-01-13 00:00:00+00:00,35,43,16548,46.8,47.8,43.1,44.32,684671,UNG
2023-01-17 00:00:00+00:00,35,43,16548,47.24,47.76,45.0,45.92,568376,UNG
2023-01-18 00:00:00+00:00,35,43,16548,44.32,44.44,42.28,43.0,900468,UNG
2023-01-19 00:00:00+00:00,35,43,16548,42.68,43.68,41.68,42.16,671985,UNG
2023-01-20 00:00:00+00:00,35,43,16548,42.32,43.48,40.72,41.2,868882,UNG
2023-01-23 00:00:00+00:00,35,43,16548,42.8,44.24,40.86,44.0,1053760,UNG
2023-01-24 00:00:00+00:00,35,43,16548,44.44,45.0,41.48,41.76,395866,UNG
2023-01-25 00:00:00+00:00,35,43,16548,40.32,41.04,39.08,39.32,922213,UNG
2023-01-26 00:00:00+00:00,35,43,16548,38.0,39.08,36.64,38.84,1678996,UNG
2023-01-27 00:00:00+00:00,35,43,16548,38.2,39.68,37.6,39.52,757649,UNG
2023-01-30 00:00:00+00:00,35,43,16548,36.4,37.8,36.36,36.56,1215909,UNG
2023-01-31 00:00:00+00:00,35,43,16548,36.48,37.52,35.68,37.32,1320820,UNG
2023-02-01 00:00:00+00:00,35,43,16548,37.4,37.6,33.66,34.28,1734217,UNG
2023-02-02 00:00:00+00:00,35,43,16548,34.4,35.4,33.22,33.48,972117,UNG
2023-02-03 00:00:00+00:00,35,43,16548,34.56,34.56,32.0,32.8,1005357,UNG
2023-02-06 00:00:00+00:00,35,43,16548,32.8,34.08,32.36,34.04,773824,UNG
2023-02-07 00:00:00+00:00,35,43,16548,33.72,35.68,33.12,35.48,1014720,UNG
2023-02-08 00:00:00+00:00,35,43,16548,35.88,35.96,32.38,33.08,999949,UNG
2023-02-09 00:00:00+00:00,35,43,16548,32.6,34.52,32.32,33.88,659650,UNG
2023-02-10 00:00:00+00:00,35,43,16548,33.88,35.32,33.04,35.24,684259,UNG
2023-02-13 00:00:00+00:00,35,43,16548,34.8,35.2,32.56,33.28,994023,UNG
2023-02-14 00:00:00+00:00,35,43,16548,33.6,35.6,33.56,35.16,937268,UNG
2023-02-15 00:00:00+00:00,35,43,16548,35.0,35.16,33.4,33.52,910209,UNG
2023-02-16 00:00:00+00:00,35,43,16548,34.44,34.72,32.48,32.88,1038066,UNG
2023-02-17 00:00:00+00:00,35,43,16548,32.24,32.6,30.44,30.96,1507757,UNG
2023-02-21 00:00:00+00:00,35,43,16548,30.92,31.08,28.58,28.84,1367425,UNG
2023-02-22 00:00:00+00:00,35,43,16548,28.48,31.96,28.16,30.24,1296930,UNG
2023-02-23 00:00:00+00:00,35,43,16548,30.8,32.82,29.56,32.68,1236378,UNG
2023-02-24 00:00:00+00:00,35,43,16548,32.52,34.08,31.92,33.96,1353918,UNG
2023-02-27 00:00:00+00:00,35,43,16548,34.34,36.16,34.04,35.76,1491387,UNG
2023-02-28 00:00:00+00:00,35,43,16548,35.48,36.76,33.92,36.28,847067,UNG
2023-03-01 00:00:00+00:00,35,43,16548,36.44,37.44,35.24,36.92,802300,UNG
2023-03-02 00:00:00+00:00,35,43,16548,36.8,37.76,35.804,36.68,639981,UNG
2023-03-03 00:00:00+00:00,35,43,16548,37.12,39.956,36.92,39.84,1191872,UNG
2023-03-06 00:00:00+00:00,35,43,16548,35.64,35.84,33.48,34.44,1241893,UNG
2023-03-07 00:00:00+00:00,35,43,16548,34.0,35.604,33.88,34.96,554364,UNG
2023-03-08 00:00:00+00:00,35,43,16548,35.4,35.52,33.36,34.32,705476,UNG
2023-03-09 00:00:00+00:00,35,43,16548,34.32,34.88,32.6,32.64,829270,UNG
2023-03-10 00:00:00+00:00,35,43,16548,33.08,33.84,32.08,32.28,702991,UNG
2023-03-13 00:00:00+00:00,35,43,16548,32.52,34.84,31.68,34.84,979342,UNG
2023-03-14 00:00:00+00:00,35,43,16548,35.12,35.32,33.48,34.0,544471,UNG
2023-03-15 00:00:00+00:00,35,43,16548,34.2,34.2,31.56,33.04,779713,UNG
2023-03-16 00:00:00+00:00,35,43,16548,32.72,33.6,32.12,33.28,612604,UNG
2023-03-17 00:00:00+00:00,35,43,16548,33.16,33.2,30.86,31.12,907025,UNG
2023-03-20 00:00:00+00:00,35,43,16548,31.12,31.92,29.44,29.8,912536,UNG
2023-03-21 00:00:00+00:00,35,43,16548,29.64,31.52,28.38,31.0,1649924,UNG
2023-03-22 00:00:00+00:00,35,43,16548,30.64,30.9,28.996,29.52,810429,UNG
2023-03-23 00:00:00+00:00,35,43,16548,30.0,30.12,28.66,28.76,960412,UNG
2023-03-24 00:00:00+00:00,35,43,16548,28.92,30.1,28.76,29.52,655787,UNG
2023-03-27 00:00:00+00:00,35,43,16548,28.56,29.08,27.68,28.32,1096574,UNG
2023-03-28 00:00:00+00:00,35,43,16548,28.24,28.44,27.14,27.4,976590,UNG
2023-03-29 00:00:00+00:00,35,43,16548,27.48,28.16,26.66,27.6,1535811,UNG
2023-03-30 00:00:00+00:00,35,43,16548,26.92,27.44,26.36,26.72,1119635,UNG
2023-03-31 00:00:00+00:00,35,43,16548,26.72,28.32,26.32,27.76,1227134,UNG
2023-04-03 00:00:00+00:00,35,43,16548,26.2,27.34,26.08,26.76,1483144,UNG
2023-04-04 00:00:00+00:00,35,43,16548,26.72,27.36,26.32,26.52,905778,UNG
2023-04-05 00:00:00+00:00,35,43,16548,26.36,27.84,26.32,27.12,941430,UNG
2023-04-06 00:00:00+00:00,35,43,16548,27.16,27.6,25.26,25.56,1315739,UNG
2023-04-10 00:00:00+00:00,35,43,16548,25.6,28.14,25.6,27.64,2363790,UNG
2023-04-11 00:00:00+00:00,35,43,16548,27.4,28.44,26.98,28.12,894128,UNG
2023-04-12 00:00:00+00:00,35,43,16548,27.68,28.08,26.28,26.48,946389,UNG
2023-04-13 00:00:00+00:00,35,43,16548,26.38,26.92,25.38,25.64,1044806,UNG
2023-04-14 00:00:00+00:00,35,43,16548,25.64,26.94,24.84,26.68,1314565,UNG
2023-04-17 00:00:00+00:00,35,43,16548,27.24,28.74,27.2,28.6,1379738,UNG
2023-04-18 00:00:00+00:00,35,43,16548,28.52,29.56,28.0,29.44,849933,UNG
2023-04-19 00:00:00+00:00,35,43,16548,29.6,29.64,27.56,27.68,1096728,UNG
2023-04-20 00:00:00+00:00,35,43,16548,28.0,28.44,27.08,27.84,827309,UNG
2023-04-21 00:00:00+00:00,35,43,16548,28.0,28.56,27.48,28.08,699306,UNG
2023-04-24 00:00:00+00:00,35,43,16548,28.0,29.0,27.72,28.72,947582,UNG
2023-04-25 00:00:00+00:00,35,43,16548,28.44,28.596,27.72,27.92,789211,UNG
2023-04-26 00:00:00+00:00,35,43,16548,28.08,28.08,26.6,27.0,803956,UNG
2023-04-27 00:00:00+00:00,35,43,16548,26.96,27.76,26.56,27.48,822572,UNG
2023-04-28 00:00:00+00:00,35,43,16548,27.24,29.88,26.76,28.08,1041406,UNG
2023-05-01 00:00:00+00:00,35,43,16548,27.36,28.2,26.8,27.0,576300,UNG
2023-05-02 00:00:00+00:00,35,43,16548,27.24,27.36,25.58,25.92,788652,UNG
2023-05-03 00:00:00+00:00,35,43,16548,25.88,25.96,24.6,25.08,1018296,UNG
2023-05-04 00:00:00+00:00,35,43,16548,25.4,25.48,24.4,24.4,1289225,UNG
2023-05-05 00:00:00+00:00,35,43,16548,24.12,25.32,24.12,24.72,757638,UNG
2023-05-08 00:00:00+00:00,35,43,16548,25.6,26.36,25.48,26.12,801119,UNG
2023-05-09 00:00:00+00:00,35,43,16548,26.0,26.86,25.6,26.4,523957,UNG
2023-05-10 00:00:00+00:00,35,43,16548,26.24,26.24,25.28,25.52,581370,UNG
2023-05-11 00:00:00+00:00,35,43,16548,25.52,26.36,25.38,25.56,529465,UNG
2023-05-12 00:00:00+00:00,35,43,16548,25.28,27.3,25.24,26.76,865495,UNG
2023-05-15 00:00:00+00:00,35,43,16548,26.92,27.84,26.84,27.64,904922,UNG
2023-05-16 00:00:00+00:00,35,43,16548,27.68,28.76,27.4,27.44,762305,UNG
2023-05-17 00:00:00+00:00,35,43,16548,27.56,28.28,27.1,27.48,521044,UNG
2023-05-18 00:00:00+00:00,35,43,16548,27.4,30.14,27.32,29.76,1310598,UNG
2023-05-19 00:00:00+00:00,35,43,16548,29.76,30.84,29.44,29.84,1031296,UNG
2023-05-22 00:00:00+00:00,35,43,16548,29.52,29.56,27.6,27.92,771666,UNG
2023-05-23 00:00:00+00:00,35,43,16548,28.0,28.12,27.28,27.48,588030,UNG
2023-05-24 00:00:00+00:00,35,43,16548,27.52,28.52,27.4,28.36,502164,UNG
2023-05-25 00:00:00+00:00,35,43,16548,28.12,28.24,26.68,26.84,696248,UNG
2023-05-26 00:00:00+00:00,35,43,16548,27.12,27.16,26.14,26.56,749253,UNG
2023-05-30 00:00:00+00:00,35,43,16548,25.72,26.0,24.8,25.28,1085297,UNG
2023-05-31 00:00:00+00:00,35,43,16548,25.4,26.42,24.72,24.8,766998,UNG
2023-06-01 00:00:00+00:00,35,43,16548,24.96,25.0,23.48,23.72,1287661,UNG
2023-06-02 00:00:00+00:00,35,43,16548,23.84,24.5,23.52,23.96,806245,UNG
2023-06-05 00:00:00+00:00,35,43,16548,24.32,25.42,24.32,24.96,998193,UNG
2023-06-06 00:00:00+00:00,35,43,16548,24.56,25.14,23.92,24.88,495567,UNG
2023-06-07 00:00:00+00:00,35,43,16548,24.84,25.72,24.76,25.6,667139,UNG
2023-06-08 00:00:00+00:00,35,43,16548,25.48,26.12,25.0,25.48,732295,UNG
2023-06-09 00:00:00+00:00,35,43,16548,25.44,25.64,24.74,24.88,528442,UNG
2023-06-12 00:00:00+00:00,35,43,16548,24.72,25.08,24.26,25.04,842707,UNG
2023-06-13 00:00:00+00:00,35,43,16548,25.36,26.0,25.32,25.56,633333,UNG
2023-06-14 00:00:00+00:00,35,43,16548,25.6,26.2,25.48,25.68,401190,UNG
2023-06-15 00:00:00+00:00,35,43,16548,25.68,28.18,25.68,28.08,2214262,UNG
2023-06-16 00:00:00+00:00,35,43,16548,28.08,29.12,27.72,28.8,877200,UNG
2023-06-20 00:00:00+00:00,35,43,16548,29.28,29.64,27.32,27.4,738606,UNG
2023-06-21 00:00:00+00:00,35,43,16548,27.52,28.56,26.96,28.52,643224,UNG
2023-06-22 00:00:00+00:00,35,43,16548,28.6,29.0,27.86,28.84,770259,UNG
2023-06-23 00:00:00+00:00,35,43,16548,28.48,30.4,27.84,30.04,1016446,UNG
2023-06-26 00:00:00+00:00,35,43,16548,30.56,31.3,30.2,30.64,763278,UNG
2023-06-27 00:00:00+00:00,35,43,16548,30.64,30.84,29.48,29.96,609931,UNG
2023-06-28 00:00:00+00:00,35,43,16548,30.36,30.68,28.24,28.44,1470776,UNG
2023-06-29 00:00:00+00:00,35,43,16548,28.44,29.28,27.96,28.6,1081384,UNG
2023-06-30 00:00:00+00:00,35,43,16548,28.76,30.16,28.16,29.72,960649,UNG
2023-07-03 00:00:00+00:00,35,43,16548,29.24,29.28,28.52,28.8,393523,UNG
2023-07-05 00:00:00+00:00,35,43,16548,29.4,29.76,28.32,28.4,384158,UNG
2023-07-06 00:00:00+00:00,35,43,16548,28.2,28.68,27.64,28.08,691839,UNG
2023-07-07 00:00:00+00:00,35,43,16548,28.24,28.56,27.12,27.4,851158,UNG
2023-07-10 00:00:00+00:00,35,43,16548,28.28,28.72,28.12,28.32,797788,UNG
2023-07-11 00:00:00+00:00,35,43,16548,28.4,29.34,28.28,29.0,559045,UNG
2023-07-12 00:00:00+00:00,35,43,16548,29.0,29.12,28.02,28.24,830285,UNG
2023-07-13 00:00:00+00:00,35,43,16548,28.24,28.48,27.16,27.28,608686,UNG
2023-07-14 00:00:00+00:00,35,43,16548,27.32,27.8,26.64,27.16,542328,UNG
2023-07-17 00:00:00+00:00,35,43,16548,27.28,27.56,26.6,27.08,339601,UNG
2023-07-18 00:00:00+00:00,35,43,16548,27.36,28.24,27.28,28.0,586973,UNG
2023-07-19 00:00:00+00:00,35,43,16548,28.04,28.32,27.64,28.0,449564,UNG
2023-07-20 00:00:00+00:00,35,43,16548,28.24,29.58,28.24,29.24,939258,UNG
2023-07-21 00:00:00+00:00,35,43,16548,29.36,29.6,28.82,29.16,292235,UNG
2023-07-24 00:00:00+00:00,35,43,16548,28.96,29.64,28.6,29.12,502043,UNG
2023-07-25 00:00:00+00:00,35,43,16548,29.16,29.72,28.7,29.28,549813,UNG
2023-07-26 00:00:00+00:00,35,43,16548,29.52,29.56,28.48,28.8,533621,UNG
2023-07-27 00:00:00+00:00,35,43,16548,28.68,28.88,27.44,27.92,881142,UNG
2023-07-28 00:00:00+00:00,35,43,16548,28.04,28.82,27.6,28.4,641432,UNG
2023-07-31 00:00:00+00:00,35,43,16548,28.6,28.88,28.0,28.48,394223,UNG
2023-08-01 00:00:00+00:00,35,43,16548,28.56,28.72,27.24,27.6,683888,UNG
2023-08-02 00:00:00+00:00,35,43,16548,27.64,27.64,26.44,26.68,621587,UNG
2023-08-03 00:00:00+00:00,35,43,16548,26.8,27.78,26.8,27.52,435677,UNG
2023-08-04 00:00:00+00:00,35,43,16548,27.68,28.12,27.24,27.84,371995,UNG
2023-08-07 00:00:00+00:00,35,43,16548,27.92,29.6,27.92,29.48,723969,UNG
2023-08-08 00:00:00+00:00,35,43,16548,29.2,30.08,29.0,30.0,451520,UNG
2023-08-09 00:00:00+00:00,35,43,16548,30.0,32.4,29.96,31.88,1352524,UNG
2023-08-10 00:00:00+00:00,35,43,16548,31.84,32.0,29.58,29.92,859598,UNG
2023-08-11 00:00:00+00:00,35,43,16548,30.0,30.44,29.1,30.0,559184,UNG
2023-08-14 00:00:00+00:00,35,43,16548,30.16,30.4,29.6,30.36,340290,UNG
2023-08-15 00:00:00+00:00,35,43,16548,30.36,30.44,28.5,28.6,673019,UNG
2023-08-16 00:00:00+00:00,35,43,16548,28.64,28.72,27.7,28.08,432080,UNG
2023-08-17 00:00:00+00:00,35,43,16548,28.04,28.7,27.84,28.24,350981,UNG
2023-08-18 00:00:00+00:00,35,43,16548,27.88,28.0,27.32,27.76,410663,UNG
2023-08-21 00:00:00+00:00,35,43,16548,28.28,28.64,27.8,27.84,541045,UNG
2023-08-22 00:00:00+00:00,35,43,16548,27.68,28.0,26.98,27.16,632875,UNG
2023-08-23 00:00:00+00:00,35,43,16548,27.24,27.36,26.36,26.4,570827,UNG
2023-08-24 00:00:00+00:00,35,43,16548,26.4,27.44,25.94,26.96,1232760,UNG
2023-08-25 00:00:00+00:00,35,43,16548,27.04,27.52,26.54,27.52,434905,UNG
2023-08-28 00:00:00+00:00,35,43,16548,27.96,28.98,27.22,27.56,1066423,UNG
2023-08-29 00:00:00+00:00,35,43,16548,27.6,27.64,26.92,27.48,557468,UNG
2023-08-30 00:00:00+00:00,35,43,16548,27.36,28.8,27.2,28.64,514896,UNG
2023-08-31 00:00:00+00:00,35,43,16548,28.6,29.36,27.8,28.24,953948,UNG
2023-09-01 00:00:00+00:00,35,43,16548,28.4,29.34,28.12,28.36,584799,UNG
2023-09-05 00:00:00+00:00,35,43,16548,27.16,27.2,26.38,26.48,986248,UNG
2023-09-06 00:00:00+00:00,35,43,16548,26.4,26.8,25.72,25.8,790549,UNG
2023-09-07 00:00:00+00:00,35,43,16548,25.88,26.82,25.68,26.52,762210,UNG
2023-09-08 00:00:00+00:00,35,43,16548,26.84,27.24,26.58,26.8,418626,UNG
2023-09-11 00:00:00+00:00,35,43,16548,26.36,27.08,26.2,26.88,476553,UNG
2023-09-12 00:00:00+00:00,35,43,16548,27.0,28.52,26.88,28.12,879304,UNG
2023-09-13 00:00:00+00:00,35,43,16548,28.08,28.52,27.12,27.8,821815,UNG
2023-09-14 00:00:00+00:00,35,43,16548,28.0,28.84,27.64,27.68,643172,UNG
2023-09-15 00:00:00+00:00,35,43,16548,27.88,27.9,27.14,27.2,423533,UNG
2023-09-18 00:00:00+00:00,35,43,16548,27.08,27.94,26.76,27.8,568154,UNG
2023-09-19 00:00:00+00:00,35,43,16548,27.84,28.52,27.6,27.64,760257,UNG
2023-09-20 00:00:00+00:00,35,43,16548,27.52,27.72,26.98,27.16,562022,UNG
2023-09-21 00:00:00+00:00,35,43,16548,27.28,27.48,26.34,26.44,949486,UNG
2023-09-22 00:00:00+00:00,35,43,16548,26.48,27.0,26.44,26.8,463400,UNG
2023-09-25 00:00:00+00:00,35,43,16548,26.76,27.3,26.64,27.0,450822,UNG
2023-09-26 00:00:00+00:00,35,43,16548,26.68,26.88,26.04,26.56,538463,UNG
2023-09-27 00:00:00+00:00,35,43,16548,27.0,27.36,26.64,26.96,470854,UNG
2023-09-28 00:00:00+00:00,35,43,16548,26.78,27.7,26.68,27.44,625894,UNG
2023-09-29 00:00:00+00:00,35,43,16548,27.64,27.72,26.6,27.24,568020,UNG
2023-10-02 00:00:00+00:00,35,43,16548,27.16,27.28,26.4,26.4,490980,UNG
2023-10-03 00:00:00+00:00,35,43,16548,26.36,27.58,26.28,27.4,682764,UNG
2023-10-04 00:00:00+00:00,35,43,16548,27.68,28.4,27.5,27.8,816143,UNG
2023-10-05 00:00:00+00:00,35,43,16548,27.92,29.8,27.64,29.6,921293,UNG
2023-10-06 00:00:00+00:00,35,43,16548,30.0,31.3,29.56,30.8,985044,UNG
2023-10-09 00:00:00+00:00,35,43,16548,31.64,31.92,30.96,31.44,583767,UNG
2023-10-10 00:00:00+00:00,35,43,16548,31.44,32.08,31.12,31.8,431554,UNG
2023-10-11 00:00:00+00:00,35,43,16548,32.08,32.12,30.04,31.56,786268,UNG
2023-10-12 00:00:00+00:00,35,43,16548,31.16,31.88,30.76,31.08,570511,UNG
2023-10-13 00:00:00+00:00,35,43,16548,30.72,30.84,29.88,29.92,631684,UNG
2023-10-16 00:00:00+00:00,35,43,16548,29.56,29.64,28.58,29.12,699521,UNG
2023-10-17 00:00:00+00:00,35,43,16548,29.16,29.24,28.38,28.8,385004,UNG
2023-10-18 00:00:00+00:00,35,43,16548,28.7,29.48,28.64,29.04,468208,UNG
2023-10-19 00:00:00+00:00,35,43,16548,28.64,28.7,27.48,27.6,624069,UNG
2023-10-20 00:00:00+00:00,35,43,16548,27.56,27.56,27.0,27.32,611752,UNG
2023-10-23 00:00:00+00:00,35,43,16548,26.96,27.4,26.76,27.24,361500,UNG
2023-10-24 00:00:00+00:00,35,43,16548,27.2,27.84,27.08,27.72,379065,UNG
2023-10-25 00:00:00+00:00,35,43,16548,27.74,28.3,27.6,28.2,353540,UNG
2023-10-26 00:00:00+00:00,35,43,16548,28.04,29.44,28.0,29.2,869970,UNG
2023-10-27 00:00:00+00:00,35,43,16548,29.6,30.24,28.64,28.76,666763,UNG
2023-10-30 00:00:00+00:00,35,43,16548,28.04,28.2,27.64,27.64,486325,UNG
2023-10-31 00:00:00+00:00,35,43,16548,28.04,30.16,28.04,29.88,786336,UNG
2023-11-01 00:00:00+00:00,35,43,16548,29.36,29.58,28.52,29.04,534774,UNG
2023-11-02 00:00:00+00:00,35,43,16548,28.76,29.28,28.32,29.12,526308,UNG
2023-11-03 00:00:00+00:00,35,43,16548,29.6,29.74,28.76,29.08,245299,UNG
2023-11-06 00:00:00+00:00,35,43,16548,28.24,28.32,27.06,27.32,839209,UNG
2023-11-07 00:00:00+00:00,35,43,16548,27.08,27.08,25.8,26.4,1042113,UNG
2023-11-08 00:00:00+00:00,35,43,16548,26.2,26.44,25.48,25.96,809507,UNG
2023-11-09 00:00:00+00:00,35,43,16548,26.2,26.32,25.16,25.2,680510,UNG
2023-11-10 00:00:00+00:00,35,43,16548,25.36,25.6,24.92,25.24,339327,UNG
2023-11-13 00:00:00+00:00,35,43,16548,26.48,27.08,26.04,27.0,640471,UNG
2023-11-14 00:00:00+00:00,35,43,16548,26.68,26.96,25.72,25.88,638436,UNG
2023-11-15 00:00:00+00:00,35,43,16548,26.12,27.18,26.08,26.2,514256,UNG
2023-11-16 00:00:00+00:00,35,43,16548,26.68,26.96,25.22,25.36,927585,UNG
2023-11-17 00:00:00+00:00,35,43,16548,25.48,25.6,24.16,24.64,972086,UNG
2023-11-20 00:00:00+00:00,35,43,16548,24.12,24.38,23.96,24.04,582360,UNG
2023-11-21 00:00:00+00:00,35,43,16548,24.16,24.24,23.5,23.6,473279,UNG
2023-11-22 00:00:00+00:00,35,43,16548,23.48,24.04,23.34,23.88,423137,UNG
2023-11-24 00:00:00+00:00,35,43,16548,23.76,23.86,23.12,23.68,332911,UNG
2023-11-27 00:00:00+00:00,35,43,16548,22.72,23.4,22.6,23.36,446141,UNG
2023-11-28 00:00:00+00:00,35,43,16548,23.28,23.52,21.96,22.04,842456,UNG
2023-11-29 00:00:00+00:00,35,43,16548,22.04,22.56,21.92,22.04,663610,UNG
2023-11-30 00:00:00+00:00,35,43,16548,22.28,22.46,21.76,22.16,551399,UNG
2023-12-01 00:00:00+00:00,35,43,16548,21.84,22.38,21.72,21.88,407908,UNG
2023-12-04 00:00:00+00:00,35,43,16548,21.4,21.68,20.88,21.32,672282,UNG
2023-12-05 00:00:00+00:00,35,43,16548,21.36,21.94,21.1,21.32,502191,UNG
2023-12-06 00:00:00+00:00,35,43,16548,21.28,21.68,20.06,20.32,938564,UNG
2023-12-07 00:00:00+00:00,35,43,16548,19.88,20.68,19.64,20.24,801154,UNG
2023-12-08 00:00:00+00:00,35,43,16548,20.44,20.56,20.02,20.16,483764,UNG
2023-12-11 00:00:00+00:00,35,43,16548,18.88,19.28,18.1,19.28,1261339,UNG
2023-12-12 00:00:00+00:00,35,43,16548,19.32,19.36,17.96,18.0,885475,UNG
2023-12-13 00:00:00+00:00,35,43,16548,18.08,18.76,18.04,18.56,756769,UNG
2023-12-14 00:00:00+00:00,35,43,16548,18.48,19.08,18.38,19.04,635630,UNG
2023-12-15 00:00:00+00:00,35,43,16548,18.8,19.92,18.8,19.4,865413,UNG
2023-12-18 00:00:00+00:00,35,43,16548,19.88,20.28,19.52,19.68,658211,UNG
2023-12-19 00:00:00+00:00,35,43,16548,19.32,19.68,18.54,19.68,784709,UNG
2023-12-20 00:00:00+00:00,35,43,16548,19.48,19.48,18.74,18.88,711222,UNG
2023-12-21 00:00:00+00:00,35,43,16548,18.96,20.14,18.96,19.96,874498,UNG
2023-12-22 00:00:00+00:00,35,43,16548,19.96,20.24,19.52,20.08,495293,UNG
2023-12-26 00:00:00+00:00,35,43,16548,19.48,19.76,19.12,19.72,829858,UNG
2023-12-27 00:00:00+00:00,35,43,16548,20.28,20.78,19.68,19.88,716514,UNG
2023-12-28 00:00:00+00:00,35,43,16548,19.66,20.84,19.6,20.52,781593,UNG
2023-12-29 00:00:00+00:00,35,43,16548,20.48,20.68,20.16,20.32,498244,UNG
2024-01-02 00:00:00+00:00,35,43,16548,21.24,21.6,20.46,20.88,564465,UNG
2024-01-03 00:00:00+00:00,35,43,16548,20.68,22.02,20.68,21.8,813972,UNG
2024-01-04 00:00:00+00:00,35,43,16548,22.4,23.18,22.2,22.92,2133816,UNG
2024-01-05 00:00:00+00:00,35,43,16548,22.8,23.52,21.76,23.48,1059952,UNG
2024-01-08 00:00:00+00:00,35,43,16548,23.0,24.38,21.84,23.68,1322416,UNG
2024-01-09 00:00:00+00:00,35,43,16548,24.24,27.44,24.24,25.8,4155312,UNG
2024-01-10 00:00:00+00:00,35,43,16548,25.04,25.4,24.0,24.64,2415465,UNG
2024-01-11 00:00:00+00:00,35,43,16548,24.28,26.16,23.92,25.52,2336344,UNG
2024-01-12 00:00:00+00:00,35,43,16548,25.6,27.36,25.2,26.96,3509695,UNG
2024-01-16 00:00:00+00:00,35,43,16548,24.56,25.0,22.96,23.16,1619060,UNG
2024-01-17 00:00:00+00:00,35,43,16548,23.0,23.96,22.6,23.4,700254,UNG
2024-01-18 00:00:00+00:00,35,43,16548,23.52,23.68,21.98,22.28,1615044,UNG
2024-01-19 00:00:00+00:00,35,43,16548,21.96,21.96,20.72,20.76,911794,UNG
2024-01-22 00:00:00+00:00,35,43,16548,19.88,20.04,19.58,19.76,1202839,UNG
2024-01-23 00:00:00+00:00,35,43,16548,19.68,20.4,19.24,20.36,891843,UNG
2024-01-24 00:00:00+00:00,35,43,16548,20.12,21.18,18.5,21.14,3420005,UNG
2024-01-25 00:00:00+00:00,35,43,16548,21.3,21.57,19.97,20.3,2845682,UNG
2024-01-26 00:00:00+00:00,35,43,16548,20.49,20.65,19.38,20.14,1792260,UNG
2024-01-29 00:00:00+00:00,35,43,16548,19.75,19.81,18.96,18.99,1128120,UNG
2024-01-30 00:00:00+00:00,35,43,16548,19.11,19.61,19.0,19.29,1197651,UNG
2024-01-31 00:00:00+00:00,35,43,16548,19.155,19.96,18.94,19.75,1556415,UNG
2024-02-01 00:00:00+00:00,35,43,16548,19.94,19.94,18.84,19.02,1218155,UNG
2024-02-02 00:00:00+00:00,35,43,16548,19.06,19.44,18.75,19.33,1355513,UNG
2024-02-05 00:00:00+00:00,35,43,16548,19.34,19.45,18.92,19.07,1072154,UNG
2024-02-06 00:00:00+00:00,35,43,16548,19.35,19.45,18.505,18.57,1163076,UNG
2024-02-07 00:00:00+00:00,35,43,16548,18.73,18.88,18.13,18.25,1073957,UNG
2024-02-08 00:00:00+00:00,35,43,16548,18.32,18.45,17.3,17.45,1907395,UNG
2024-02-09 00:00:00+00:00,35,43,16548,16.91,17.45,16.86,17.18,1350272,UNG
2024-02-12 00:00:00+00:00,35,43,16548,16.81,17.25,16.065,16.24,1878878,UNG
2024-02-13 00:00:00+00:00,35,43,16548,16.48,16.54,15.35,15.49,2399696,UNG
2024-02-14 00:00:00+00:00,35,43,16548,15.5,15.59,14.78,14.96,1909365,UNG
2024-02-15 00:00:00+00:00,35,43,16548,15.15,15.44,14.63,14.74,1528985,UNG
2024-02-16 00:00:00+00:00,35,43,16548,14.77,15.23,14.65,15.0,1389660,UNG
2024-02-20 00:00:00+00:00,35,43,16548,14.68,16.0,14.56,15.88,1790937,UNG
2024-02-21 00:00:00+00:00,35,43,16548,15.71,16.75,15.69,16.55,2993052,UNG
2024-02-22 00:00:00+00:00,35,43,16548,16.52,16.52,15.66,16.16,1979915,UNG
2024-02-23 00:00:00+00:00,35,43,16548,15.9,15.95,15.04,15.13,1939217,UNG
2024-02-26 00:00:00+00:00,35,43,16548,16.05,16.37,15.34,15.59,2429163,UNG
2024-02-27 00:00:00+00:00,35,43,16548,15.61,16.425,15.28,16.15,1714291,UNG
2024-02-28 00:00:00+00:00,35,43,16548,15.99,17.025,15.95,16.7,1921773,UNG
2024-02-29 00:00:00+00:00,35,43,16548,16.7,17.13,16.36,16.57,932931,UNG
2024-03-01 00:00:00+00:00,35,43,16548,16.73,16.87,16.19,16.4,628656,UNG
2024-03-04 00:00:00+00:00,35,43,16548,16.82,17.77,16.77,17.21,2128916,UNG
2024-03-05 00:00:00+00:00,35,43,16548,17.34,17.95,16.91,17.44,1172354,UNG
2024-03-06 00:00:00+00:00,35,43,16548,17.41,17.72,17.19,17.26,567119,UNG
2024-03-07 00:00:00+00:00,35,43,16548,17.41,17.46,15.96,16.01,1333911,UNG
2024-03-08 00:00:00+00:00,35,43,16548,16.12,16.43,15.71,16.15,1060523,UNG
2024-03-11 00:00:00+00:00,35,43,16548,16.3,16.31,15.6,15.63,1045859,UNG
2024-03-12 00:00:00+00:00,35,43,16548,15.79,16.3,15.15,15.29,1476710,UNG
2024-03-13 00:00:00+00:00,35,43,16548,15.24,15.31,14.83,14.88,1617814,UNG
2024-03-14 00:00:00+00:00,35,43,16548,14.93,15.77,14.74,15.65,1459027,UNG
2024-03-15 00:00:00+00:00,35,43,16548,15.68,15.85,14.875,15.06,1456129,UNG
2024-03-18 00:00:00+00:00,35,43,16548,15.62,15.72,15.04,15.37,1056766,UNG
2024-03-19 00:00:00+00:00,35,43,16548,15.54,15.83,15.32,15.73,1023371,UNG
2024-03-20 00:00:00+00:00,35,43,16548,15.6,15.75,15.26,15.37,937340,UNG
2024-03-21 00:00:00+00:00,35,43,16548,15.4,15.43,15.03,15.41,1225212,UNG
2024-03-22 00:00:00+00:00,35,43,16548,15.33,15.41,14.97,15.07,905841,UNG
2024-03-25 00:00:00+00:00,35,43,16548,15.05,15.19,14.7,15.05,1122418,UNG
2024-03-26 00:00:00+00:00,35,43,16548,15.16,15.28,14.84,14.91,1312514,UNG
2024-03-27 00:00:00+00:00,35,43,16548,14.83,14.92,14.255,14.36,1847027,UNG
2024-03-28 00:00:00+00:00,35,43,16548,14.27,14.91,14.11,14.63,2078987,UNG
2024-04-01 00:00:00+00:00,35,43,16548,14.42,15.49,14.28,15.33,2071663,UNG
2024-04-02 00:00:00+00:00,35,43,16548,15.25,15.72,14.88,15.5,1333387,UNG
2024-04-03 00:00:00+00:00,35,43,16548,15.51,15.94,15.36,15.42,1902062,UNG
2024-04-04 00:00:00+00:00,35,43,16548,15.42,15.47,14.72,14.73,2050454,UNG
2024-04-05 00:00:00+00:00,35,43,16548,14.77,15.24,14.72,14.9,1354400,UNG
2024-04-08 00:00:00+00:00,35,43,16548,14.81,15.57,14.75,15.54,1252236,UNG
2024-04-09 00:00:00+00:00,35,43,16548,15.56,16.08,15.43,15.83,1861773,UNG
2024-04-10 00:00:00+00:00,35,43,16548,15.96,16.25,15.53,15.57,1041891,UNG
2024-04-11 00:00:00+00:00,35,43,16548,15.7,15.79,14.67,14.75,1775724,UNG
2024-04-12 00:00:00+00:00,35,43,16548,14.75,14.93,14.5,14.87,1030667,UNG
2024-04-15 00:00:00+00:00,35,43,16548,14.75,14.87,14.08,14.1,2005200,UNG
2024-04-16 00:00:00+00:00,35,43,16548,14.19,15.0,13.865,14.18,2676554,UNG
2024-04-17 00:00:00+00:00,35,43,16548,14.07,14.41,13.95,14.38,1270613,UNG
2024-04-18 00:00:00+00:00,35,43,16548,14.43,14.62,14.34,14.42,2114501,UNG
2024-04-19 00:00:00+00:00,35,43,16548,14.44,14.79,14.25,14.52,1528088,UNG
2024-04-22 00:00:00+00:00,35,43,16548,14.37,15.13,14.34,15.1,1579971,UNG
2024-04-23 00:00:00+00:00,35,43,16548,15.03,15.61,14.74,15.56,1387481,UNG
2024-04-24 00:00:00+00:00,35,43,16548,15.42,15.42,14.32,14.36,2076333,UNG
2024-04-25 00:00:00+00:00,35,43,16548,14.44,14.54,14.07,14.52,1458278,UNG
2024-04-26 00:00:00+00:00,35,43,16548,14.53,14.53,13.95,14.09,1764034,UNG
2024-04-29 00:00:00+00:00,35,43,16548,14.32,15.0,14.02,14.95,2523541,UNG
2024-04-30 00:00:00+00:00,35,43,16548,15.2,15.27,14.26,14.31,2037286,UNG
2024-05-01 00:00:00+00:00,35,43,16548,14.12,14.39,13.985,14.16,1688553,UNG
2024-05-02 00:00:00+00:00,35,43,16548,14.43,14.97,14.29,14.84,1973460,UNG
2024-05-03 00:00:00+00:00,35,43,16548,14.84,15.78,14.74,15.65,2631013,UNG
2024-05-06 00:00:00+00:00,35,43,16548,15.69,16.52,15.62,16.09,2044742,UNG
2024-05-07 00:00:00+00:00,35,43,16548,15.83,16.3,15.67,16.2,1441887,UNG
2024-05-08 00:00:00+00:00,35,43,16548,16.17,16.62,15.85,15.92,1489655,UNG
2024-05-09 00:00:00+00:00,35,43,16548,16.01,16.94,15.75,16.93,2068018,UNG
2024-05-10 00:00:00+00:00,35,43,16548,16.96,17.03,16.4,16.46,1352620,UNG
2024-05-13 00:00:00+00:00,35,43,16548,16.67,17.43,16.3,17.3,1373046,UNG
2024-05-14 00:00:00+00:00,35,43,16548,17.1,17.53,16.9,17.16,1684623,UNG
2024-05-15 00:00:00+00:00,35,43,16548,17.3,17.73,16.93,17.69,1620341,UNG
2024-05-16 00:00:00+00:00,35,43,16548,17.61,18.755,17.55,18.29,3641940,UNG
2024-05-17 00:00:00+00:00,35,43,16548,18.25,19.18,18.2,19.05,1938287,UNG
2024-05-20 00:00:00+00:00,35,43,16548,19.17,19.86,19.09,19.79,1919617,UNG
2024-05-21 00:00:00+00:00,35,43,16548,19.9,20.12,19.16,19.41,1716824,UNG
2024-05-22 00:00:00+00:00,35,43,16548,19.19,20.91,19.11,20.47,2756083,UNG
2024-05-23 00:00:00+00:00,35,43,16548,20.51,21.61,19.82,19.88,4762161,UNG
2024-05-24 00:00:00+00:00,35,43,16548,20.19,20.21,18.9,18.91,1966310,UNG
2024-05-28 00:00:00+00:00,35,43,16548,18.84,19.46,18.73,19.45,1204130,UNG
2024-05-29 00:00:00+00:00,35,43,16548,19.35,19.35,18.17,18.21,1357551,UNG
2024-05-30 00:00:00+00:00,35,43,16548,18.21,18.35,17.54,17.56,1507007,UNG
2024-05-31 00:00:00+00:00,35,43,16548,17.47,17.96,17.25,17.72,2316444,UNG
2024-06-03 00:00:00+00:00,35,43,16548,18.41,19.15,18.005,18.9,2183265,UNG
2024-06-04 00:00:00+00:00,35,43,16548,18.69,19.35,17.63,17.97,2324509,UNG
2024-06-05 00:00:00+00:00,35,43,16548,18.14,19.08,17.86,18.91,1596573,UNG
2024-06-06 00:00:00+00:00,35,43,16548,18.84,19.7,18.68,19.45,2004037,UNG
2024-06-07 00:00:00+00:00,35,43,16548,19.41,20.32,19.14,20.07,2649674,UNG
2024-06-10 00:00:00+00:00,35,43,16548,20.33,21.2,19.62,20.69,3067993,UNG
2024-06-11 00:00:00+00:00,35,43,16548,20.73,21.64,20.53,21.24,1730693,UNG
2024-06-12 00:00:00+00:00,35,43,16548,21.23,21.39,20.54,20.8,1398193,UNG
2024-06-13 00:00:00+00:00,35,43,16548,21.0,21.17,19.89,20.12,1377779,UNG
2024-06-14 00:00:00+00:00,35,43,16548,20.32,20.53,19.71,19.8,878674,UNG
2024-06-17 00:00:00+00:00,35,43,16548,19.37,19.49,18.96,19.16,783362,UNG
2024-06-18 00:00:00+00:00,35,43,16548,19.21,20.01,19.16,19.98,848866,UNG
2024-06-20 00:00:00+00:00,35,43,16548,19.7,19.7,18.93,19.05,976510,UNG
2024-06-21 00:00:00+00:00,35,43,16548,18.79,19.28,18.67,18.98,692501,UNG
2024-06-24 00:00:00+00:00,35,43,16548,18.95,19.725,18.66,19.6,621200,UNG
2024-06-25 00:00:00+00:00,35,43,16548,19.57,19.7,18.92,19.04,737054,UNG
2024-06-26 00:00:00+00:00,35,43,16548,18.92,19.0,18.2,18.21,788954,UNG
2024-06-27 00:00:00+00:00,35,43,16548,18.37,18.62,17.875,18.05,1010642,UNG
2024-06-28 00:00:00+00:00,35,43,16548,18.18,18.47,17.31,17.41,900004,UNG
2024-07-01 00:00:00+00:00,35,43,16548,17.18,17.27,16.55,16.56,792944,UNG
2024-07-02 00:00:00+00:00,35,43,16548,16.49,16.57,16.16,16.43,1039578,UNG
2024-07-03 00:00:00+00:00,35,43,16548,16.4,16.575,16.13,16.25,649643,UNG
2024-07-05 00:00:00+00:00,35,43,16548,15.81,16.08,15.505,15.58,723759,UNG
2024-07-08 00:00:00+00:00,35,43,16548,15.56,15.98,15.42,15.91,652943,UNG
2024-07-09 00:00:00+00:00,35,43,16548,15.86,16.38,15.62,15.74,604364,UNG
2024-07-10 00:00:00+00:00,35,43,16548,15.82,15.94,15.345,15.59,606199,UNG
2024-07-11 00:00:00+00:00,35,43,16548,15.56,15.64,15.14,15.24,491669,UNG
2024-07-12 00:00:00+00:00,35,43,16548,15.2,15.72,15.06,15.53,788235,UNG
2024-07-15 00:00:00+00:00,35,43,16548,15.19,15.25,14.395,14.51,1580372,UNG
2024-07-16 00:00:00+00:00,35,43,16548,14.52,14.84,14.44,14.62,672525,UNG
2024-07-17 00:00:00+00:00,35,43,16548,14.6,14.78,13.58,13.8,1469623,UNG
2024-07-18 00:00:00+00:00,35,43,16548,13.72,14.34,13.65,14.12,922452,UNG
2024-07-19 00:00:00+00:00,35,43,16548,14.09,14.385,13.86,14.3,766241,UNG
2024-07-22 00:00:00+00:00,35,43,16548,14.51,15.2,14.51,15.05,1242890,UNG
2024-07-23 00:00:00+00:00,35,43,16548,15.03,15.09,14.29,14.46,685894,UNG
2024-07-24 00:00:00+00:00,35,43,16548,14.46,14.56,14.14,14.29,633222,UNG
2024-07-25 00:00:00+00:00,35,43,16548,14.25,14.48,13.66,13.73,1087660,UNG
2024-07-26 00:00:00+00:00,35,43,16548,13.77,13.79,13.49,13.52,1091865,UNG
2024-07-29 00:00:00+00:00,35,43,16548,13.65,13.82,13.24,13.6,1394536,UNG
2024-07-30 00:00:00+00:00,35,43,16548,13.54,14.11,13.18,14.07,936080,UNG
2024-07-31 00:00:00+00:00,35,43,16548,14.12,14.17,13.39,13.5,901025,UNG
2024-08-01 00:00:00+00:00,35,43,16548,13.6,14.05,13.01,13.085,1388173,UNG
2024-08-02 00:00:00+00:00,35,43,16548,13.16,13.38,12.72,13.09,904048,UNG
2024-08-05 00:00:00+00:00,35,43,16548,12.83,13.09,12.46,13.08,1302724,UNG
2024-08-06 00:00:00+00:00,35,43,16548,12.87,13.44,12.6,13.35,1062676,UNG
2024-08-07 00:00:00+00:00,35,43,16548,13.41,14.02,13.39,13.8,1178444,UNG
2024-08-08 00:00:00+00:00,35,43,16548,13.79,14.41,13.44,14.2,1668027,UNG
2024-08-09 00:00:00+00:00,35,43,16548,14.23,14.47,13.94,14.35,964479,UNG
2024-08-12 00:00:00+00:00,35,43,16548,14.83,14.93,14.28,14.34,1366515,UNG
2024-08-13 00:00:00+00:00,35,43,16548,14.455,14.82,14.15,14.33,897909,UNG
2024-08-14 00:00:00+00:00,35,43,16548,14.34,15.06,14.2,14.74,1446134,UNG
2024-08-15 00:00:00+00:00,35,43,16548,14.73,15.21,14.535,14.54,1362642,UNG
2024-08-16 00:00:00+00:00,35,43,16548,14.65,14.66,14.01,14.1,913801,UNG
2024-08-19 00:00:00+00:00,35,43,16548,14.01,14.86,14.0,14.8,1090136,UNG
2024-08-20 00:00:00+00:00,35,43,16548,14.77,15.04,14.43,14.6,895075,UNG
2024-08-21 00:00:00+00:00,35,43,16548,14.63,14.81,14.245,14.6,827224,UNG
2024-08-22 00:00:00+00:00,35,43,16548,14.56,14.56,13.59,13.82,2071506,UNG
2024-08-23 00:00:00+00:00,35,43,16548,13.71,13.73,13.51,13.72,840280,UNG
2024-08-26 00:00:00+00:00,35,43,16548,13.64,13.7,13.27,13.3,1472450,UNG
2024-08-27 00:00:00+00:00,35,43,16548,13.08,13.2,12.84,13.07,1359569,UNG
2024-08-28 00:00:00+00:00,35,43,16548,13.04,13.41,12.68,13.2,1839333,UNG
2024-08-29 00:00:00+00:00,35,43,16548,13.22,13.46,12.72,13.43,1623520,UNG
2024-08-30 00:00:00+00:00,35,43,16548,13.46,13.6,13.15,13.43,1355961,UNG
2024-09-03 00:00:00+00:00,35,43,16548,13.66,13.96,13.03,13.84,1534890,UNG
2024-09-04 00:00:00+00:00,35,43,16548,13.8,14.24,13.385,13.46,1065516,UNG
2024-09-05 00:00:00+00:00,35,43,16548,13.47,14.335,13.41,14.19,2110253,UNG
2024-09-06 00:00:00+00:00,35,43,16548,14.28,14.4,14.02,14.35,1293759,UNG
2024-09-09 00:00:00+00:00,35,43,16548,13.78,14.11,13.42,13.425,1503471,UNG
2024-09-10 00:00:00+00:00,35,43,16548,13.54,14.17,13.51,14.09,1323426,UNG
2024-09-11 00:00:00+00:00,35,43,16548,14.05,14.59,13.91,14.305,1481722,UNG
2024-09-12 00:00:00+00:00,35,43,16548,14.22,15.03,14.01,14.79,1147912,UNG
2024-09-13 00:00:00+00:00,35,43,16548,14.92,15.07,14.42,14.44,907406,UNG
2024-09-16 00:00:00+00:00,35,43,16548,14.44,14.98,14.29,14.87,1002577,UNG
2024-09-17 00:00:00+00:00,35,43,16548,14.87,15.16,14.6,14.62,902579,UNG
2024-09-18 00:00:00+00:00,35,43,16548,14.66,14.91,14.38,14.45,807014,UNG
2024-09-19 00:00:00+00:00,35,43,16548,14.42,14.61,14.08,14.54,1461628,UNG
2024-09-20 00:00:00+00:00,35,43,16548,14.58,15.4,14.515,15.4,1695742,UNG
2024-09-23 00:00:00+00:00,35,43,16548,15.42,16.13,15.41,16.09,1699530,UNG
2024-09-24 00:00:00+00:00,35,43,16548,16.13,16.25,15.61,15.83,1471868,UNG
2024-09-25 00:00:00+00:00,35,43,16548,15.9,16.21,15.71,15.89,1389739,UNG
2024-09-26 00:00:00+00:00,35,43,16548,16.0,16.19,15.35,15.39,1748333,UNG
2024-09-27 00:00:00+00:00,35,43,16548,15.43,16.47,15.3,16.35,2189487,UNG
2024-09-30 00:00:00+00:00,35,43,16548,16.22,16.57,16.13,16.28,1105423,UNG
2024-10-01 00:00:00+00:00,35,43,16548,16.3,16.53,15.9,16.32,2026742,UNG
2024-10-02 00:00:00+00:00,35,43,16548,16.48,16.86,16.15,16.43,1405813,UNG
2024-10-03 00:00:00+00:00,35,43,16548,16.45,16.8,16.32,16.69,1664165,UNG
2024-10-04 00:00:00+00:00,35,43,16548,16.75,16.97,15.93,15.95,1463448,UNG
2024-10-07 00:00:00+00:00,35,43,16548,15.88,15.96,15.23,15.4,1264478,UNG
2024-10-08 00:00:00+00:00,35,43,16548,15.52,15.64,15.2,15.26,1380010,UNG
2024-10-09 00:00:00+00:00,35,43,16548,15.19,15.32,14.82,14.89,1123249,UNG
2024-10-10 00:00:00+00:00,35,43,16548,14.86,15.18,14.58,15.17,1535853,UNG
2024-10-11 00:00:00+00:00,35,43,16548,15.1,15.34,14.73,14.8,904876,UNG
2024-10-14 00:00:00+00:00,35,43,16548,14.56,14.6,13.89,13.91,1149626,UNG
2024-10-15 00:00:00+00:00,35,43,16548,13.86,14.35,13.81,14.0,808506,UNG
2024-10-16 00:00:00+00:00,35,43,16548,13.98,14.05,13.35,13.44,1581451,UNG
2024-10-17 00:00:00+00:00,35,43,16548,13.34,13.64,13.27,13.32,934818,UNG
2024-10-18 00:00:00+00:00,35,43,16548,13.31,13.32,12.955,13.01,1028340,UNG
2024-10-21 00:00:00+00:00,35,43,16548,12.92,13.4,12.92,13.31,1204721,UNG
2024-10-22 00:00:00+00:00,35,43,16548,13.26,13.67,13.07,13.47,1517563,UNG
2024-10-23 00:00:00+00:00,35,43,16548,13.5,13.96,13.37,13.87,1569333,UNG
2024-10-24 00:00:00+00:00,35,43,16548,13.88,14.34,13.61,14.11,2017475,UNG
2024-10-25 00:00:00+00:00,35,43,16548,14.18,14.53,13.92,14.33,1614383,UNG
2024-10-28 00:00:00+00:00,35,43,16548,14.13,14.14,13.14,13.37,2425385,UNG
2024-10-29 00:00:00+00:00,35,43,16548,13.32,13.635,13.11,13.54,1484425,UNG
2024-10-30 00:00:00+00:00,35,43,16548,13.51,13.53,13.0,13.26,2147074,UNG
2024-10-31 00:00:00+00:00,35,43,16548,13.18,13.25,12.62,12.735,2451131,UNG
2024-11-01 00:00:00+00:00,35,43,16548,12.66,12.77,12.36,12.46,1571401,UNG
2024-11-04 00:00:00+00:00,35,43,16548,12.29,13.105,12.19,13.01,2616031,UNG
2024-11-05 00:00:00+00:00,35,43,16548,13.09,13.21,12.45,12.62,2179255,UNG
2024-11-06 00:00:00+00:00,35,43,16548,12.59,13.11,12.5,12.8,1739544,UNG
2024-11-07 00:00:00+00:00,35,43,16548,12.82,13.02,12.48,12.68,1880593,UNG
2024-11-08 00:00:00+00:00,35,43,16548,12.67,12.89,12.42,12.55,1478670,UNG
2024-11-11 00:00:00+00:00,35,43,16548,13.305,13.87,13.27,13.77,2704880,UNG
2024-11-12 00:00:00+00:00,35,43,16548,13.84,14.13,13.42,13.66,2864714,UNG
2024-11-13 00:00:00+00:00,35,43,16548,13.56,14.14,13.3,13.97,2051666,UNG
2024-11-14 00:00:00+00:00,35,43,16548,13.93,13.96,13.125,13.14,2176274,UNG
2024-11-15 00:00:00+00:00,35,43,16548,12.97,13.43,12.85,13.39,2239372,UNG
2024-11-18 00:00:00+00:00,35,43,16548,13.62,13.82,13.36,13.67,2638200,UNG
2024-11-19 00:00:00+00:00,35,43,16548,13.72,14.18,13.56,13.84,2703651,UNG
2024-11-20 00:00:00+00:00,35,43,16548,14.09,14.85,14.09,14.74,3688848,UNG
2024-11-21 00:00:00+00:00,35,43,16548,15.2,15.54,14.82,15.36,3159552,UNG
2024-11-22 00:00:00+00:00,35,43,16548,15.25,15.25,14.07,14.26,3600393,UNG
2024-11-25 00:00:00+00:00,35,43,16548,15.05,15.43,14.725,14.75,2899188,UNG
2024-11-26 00:00:00+00:00,35,43,16548,14.92,15.26,14.68,14.98,2558445,UNG
2024-11-27 00:00:00+00:00,35,43,16548,14.48,14.52,13.81,13.82,2042560,UNG
2024-11-29 00:00:00+00:00,35,43,16548,14.39,14.645,14.23,14.48,1031408,UNG
2024-12-02 00:00:00+00:00,35,43,16548,13.72,14.19,13.64,13.84,2130918,UNG
2024-12-03 00:00:00+00:00,35,43,16548,13.83,13.83,13.13,13.21,1590405,UNG
2024-12-04 00:00:00+00:00,35,43,16548,13.17,13.36,12.91,13.31,1376485,UNG
2024-12-05 00:00:00+00:00,35,43,16548,13.41,13.65,13.205,13.37,1675985,UNG
2024-12-06 00:00:00+00:00,35,43,16548,13.18,13.45,13.02,13.42,1053259,UNG
2024-12-09 00:00:00+00:00,35,43,16548,14.03,14.06,13.6,13.76,1282738,UNG
2024-12-10 00:00:00+00:00,35,43,16548,13.69,13.84,13.31,13.82,1316568,UNG
2024-12-11 00:00:00+00:00,35,43,16548,13.92,14.74,13.91,14.56,2296750,UNG
2024-12-12 00:00:00+00:00,35,43,16548,14.52,15.41,14.23,14.92,2962133,UNG
2024-12-13 00:00:00+00:00,35,43,16548,15.0,15.07,14.16,14.18,1491943,UNG
2024-12-16 00:00:00+00:00,35,43,16548,13.76,14.07,13.66,13.92,1076061,UNG
2024-12-17 00:00:00+00:00,35,43,16548,13.95,14.56,13.41,14.47,1426922,UNG
2024-12-18 00:00:00+00:00,35,43,16548,14.34,14.7,14.26,14.5,1335928,UNG
2024-12-19 00:00:00+00:00,35,43,16548,14.66,15.45,14.58,15.36,1888680,UNG
2024-12-20 00:00:00+00:00,35,43,16548,15.41,16.01,15.13,15.76,2390425,UNG
2024-12-23 00:00:00+00:00,35,43,16548,16.19,16.19,15.25,15.75,1528128,UNG
2024-12-24 00:00:00+00:00,35,43,16548,15.71,16.25,15.71,16.12,756739,UNG
2024-12-26 00:00:00+00:00,35,43,16548,16.05,16.05,15.09,15.43,1696018,UNG
2024-12-27 00:00:00+00:00,35,43,16548,15.89,16.0,15.3,15.77,2093236,UNG
2024-12-30 00:00:00+00:00,35,43,16548,17.16,19.475,17.15,17.96,6779001,UNG
2024-12-31 00:00:00+00:00,35,43,16548,17.6,17.75,16.605,16.92,3291684,UNG
2025-01-02 00:00:00+00:00,35,43,16548,16.99,17.62,16.79,16.97,3200000,UNG
2025-01-03 00:00:00+00:00,35,43,16548,16.5,16.52,15.46,15.63,3368109,UNG
2025-01-06 00:00:00+00:00,35,43,16548,16.81,17.28,16.5,17.11,3477990,UNG
2025-01-07 00:00:00+00:00,35,43,16548,16.36,16.89,15.915,15.93,3878539,UNG
2025-01-08 00:00:00+00:00,35,43,16548,16.77,17.13,16.48,17.07,3148252,UNG
2025-01-10 00:00:00+00:00,35,43,16548,17.79,18.64,17.61,18.45,3750691,UNG
2025-01-13 00:00:00+00:00,35,43,16548,19.45,19.52,17.87,18.1,3725327,UNG
2025-01-14 00:00:00+00:00,35,43,16548,17.67,18.83,17.35,18.25,3379716,UNG
2025-01-15 00:00:00+00:00,35,43,16548,18.37,19.185,17.96,18.98,3215534,UNG
2025-01-16 00:00:00+00:00,35,43,16548,18.87,20.02,18.69,19.68,3443368,UNG
2025-01-17 00:00:00+00:00,35,43,16548,19.2,19.38,18.27,18.3,2248154,UNG
2025-01-21 00:00:00+00:00,35,43,16548,18.18,18.23,17.58,17.71,2156484,UNG
2025-01-22 00:00:00+00:00,35,43,16548,17.75,18.62,17.53,18.6,1822739,UNG
2025-01-23 00:00:00+00:00,35,43,16548,18.35,18.89,17.98,18.25,2638266,UNG
2025-01-24 00:00:00+00:00,35,43,16548,17.93,18.31,17.64,18.16,1342369,UNG
2025-01-27 00:00:00+00:00,35,43,16548,17.21,17.49,16.78,17.05,1663527,UNG
2025-01-28 00:00:00+00:00,35,43,16548,16.92,16.95,16.25,16.34,1508694,UNG
2025-01-29 00:00:00+00:00,35,43,16548,16.31,16.85,16.21,16.7,1371623,UNG
2025-01-30 00:00:00+00:00,35,43,16548,16.72,17.07,16.025,16.26,1897881,UNG
2025-01-31 00:00:00+00:00,35,43,16548,16.35,16.35,15.79,16.21,1687040,UNG
2025-02-03 00:00:00+00:00,35,43,16548,17.3,17.975,17.24,17.54,1965103,UNG
2025-02-04 00:00:00+00:00,35,43,16548,17.09,17.51,16.73,16.98,1297239,UNG
2025-02-05 00:00:00+00:00,35,43,16548,16.92,17.81,16.7,17.7,1258818,UNG
2025-02-06 00:00:00+00:00,35,43,16548,17.72,18.12,17.45,17.84,1544576,UNG
2025-02-07 00:00:00+00:00,35,43,16548,17.81,18.12,17.42,17.51,1235538,UNG
2025-02-10 00:00:00+00:00,35,43,16548,18.06,18.405,17.72,18.18,1479947,UNG
2025-02-11 00:00:00+00:00,35,43,16548,18.42,18.885,18.38,18.56,1591602,UNG
2025-02-12 00:00:00+00:00,35,43,16548,18.43,19.15,18.34,19.09,1045610,UNG
2025-02-13 00:00:00+00:00,35,43,16548,19.33,19.94,19.0,19.21,2513336,UNG
2025-02-14 00:00:00+00:00,35,43,16548,19.46,20.0,19.35,19.6,1025060,UNG
2025-02-18 00:00:00+00:00,35,43,16548,18.97,21.09,18.94,20.93,2242440,UNG
2025-02-19 00:00:00+00:00,35,43,16548,21.17,22.72,20.99,22.67,5936319,UNG
2025-02-20 00:00:00+00:00,35,43,16548,22.0,22.06,21.21,21.82,2603459,UNG
2025-02-21 00:00:00+00:00,35,43,16548,22.35,22.87,21.61,21.99,3243187,UNG
2025-02-24 00:00:00+00:00,35,43,16548,21.02,21.29,20.56,21.11,1529653,UNG
2025-02-25 00:00:00+00:00,35,43,16548,21.09,21.98,21.05,21.85,1396900,UNG
2025-02-26 00:00:00+00:00,35,43,16548,21.85,22.02,20.93,21.0,1475576,UNG
2025-02-27 00:00:00+00:00,35,43,16548,21.06,21.55,20.59,20.87,1824939,UNG
2025-02-28 00:00:00+00:00,35,43,16548,20.9,20.91,20.24,20.31,2426892,UNG
2025-03-03 00:00:00+00:00,35,43,16548,20.14,22.13,20.14,21.97,2948349,UNG
2025-03-04 00:00:00+00:00,35,43,16548,21.64,24.13,21.53,22.77,3554348,UNG
2025-03-05 00:00:00+00:00,35,43,16548,22.64,23.94,22.44,23.65,2163525,UNG
2025-03-06 00:00:00+00:00,35,43,16548,23.22,23.69,22.58,22.66,2312490,UNG
2025-03-07 00:00:00+00:00,35,43,16548,22.48,23.48,21.93,23.3,2779106,UNG
2025-03-10 00:00:00+00:00,35,43,16548,24.6,24.7,23.55,23.55,1946992,UNG
2025-03-11 00:00:00+00:00,35,43,16548,23.88,24.32,22.98,23.05,1437600,UNG
2025-03-12 00:00:00+00:00,35,43,16548,23.16,23.17,21.28,21.36,1314634,UNG
2025-03-13 00:00:00+00:00,35,43,16548,21.6,22.255,21.0,21.3,1912494,UNG
2025-03-14 00:00:00+00:00,35,43,16548,21.52,21.96,21.04,21.78,1248185,UNG
2025-03-17 00:00:00+00:00,35,43,16548,22.085,22.34,21.13,21.25,1609678,UNG
2025-03-18 00:00:00+00:00,35,43,16548,21.19,21.85,21.1,21.47,1497393,UNG
2025-03-19 00:00:00+00:00,35,43,16548,21.63,22.575,21.57,22.24,1581335,UNG
2025-03-20 00:00:00+00:00,35,43,16548,22.19,22.52,20.84,20.88,1814548,UNG
2025-03-21 00:00:00+00:00,35,43,16548,20.75,21.36,20.63,20.9,1540777,UNG
2025-03-24 00:00:00+00:00,35,43,16548,20.93,21.18,20.59,20.6,1777318,UNG
2025-03-25 00:00:00+00:00,35,43,16548,20.65,21.0,20.005,20.37,1768216,UNG
2025-03-26 00:00:00+00:00,35,43,16548,20.5,20.67,20.05,20.16,1524335,UNG
2025-03-27 00:00:00+00:00,35,43,16548,19.615,20.68,19.55,20.49,1719358,UNG
2025-03-28 00:00:00+00:00,35,43,16548,20.35,21.42,20.07,21.36,1810656,UNG
2025-03-31 00:00:00+00:00,35,43,16548,21.99,22.22,21.21,21.56,2496315,UNG
2025-04-01 00:00:00+00:00,35,43,16548,21.48,21.59,20.57,20.69,1296554,UNG
2025-04-02 00:00:00+00:00,35,43,16548,20.77,21.37,20.71,20.9,993286,UNG
2025-04-03 00:00:00+00:00,35,43,16548,21.07,21.975,21.03,21.7,1475831,UNG
2025-04-04 00:00:00+00:00,35,43,16548,21.29,21.65,19.94,20.0,1664709,UNG
2025-04-07 00:00:00+00:00,35,43,16548,19.62,20.58,18.84,19.1,2719884,UNG
2025-04-08 00:00:00+00:00,35,43,16548,19.04,19.78,18.12,18.18,1903792,UNG
2025-04-09 00:00:00+00:00,35,43,16548,18.25,20.02,17.49,19.57,4092250,UNG
2025-04-10 00:00:00+00:00,35,43,16548,19.34,19.61,18.15,18.36,3031236,UNG
2025-04-11 00:00:00+00:00,35,43,16548,18.5,18.7,17.8,18.6,2984290,UNG
2025-04-14 00:00:00+00:00,35,43,16548,18.12,18.89,17.35,17.53,1809762,UNG
2025-04-15 00:00:00+00:00,35,43,16548,17.46,17.66,16.86,17.3,1453495,UNG
2025-04-16 00:00:00+00:00,35,43,16548,17.14,17.32,16.83,17.06,1376080,UNG
2025-04-17 00:00:00+00:00,35,43,16548,17.2,17.5,16.8,17.02,1440085,UNG
2025-04-21 00:00:00+00:00,35,43,16548,16.79,16.96,15.8,16.01,1787070,UNG
2025-04-22 00:00:00+00:00,35,43,16548,16.05,16.17,15.5,15.85,2100599,UNG
2025-04-23 00:00:00+00:00,35,43,16548,15.85,16.09,15.57,15.76,1666433,UNG
2025-04-24 00:00:00+00:00,35,43,16548,15.58,15.71,15.04,15.46,1692282,UNG
2025-04-25 00:00:00+00:00,35,43,16548,15.43,15.86,15.23,15.78,1438458,UNG
2025-04-28 00:00:00+00:00,35,43,16548,15.75,16.83,15.3,16.64,3137321,UNG
2025-04-29 00:00:00+00:00,35,43,16548,16.67,17.3,16.57,16.9,2259322,UNG
2025-04-30 00:00:00+00:00,35,43,16548,16.99,17.015,16.33,16.79,3129092,UNG
2025-05-01 00:00:00+00:00,35,43,16548,17.0,17.7,16.74,17.22,3036886,UNG
2025-05-02 00:00:00+00:00,35,43,16548,17.16,18.385,17.16,18.32,1892619,UNG
2025-05-05 00:00:00+00:00,35,43,16548,18.53,18.75,17.685,17.9,1961741,UNG
2025-05-06 00:00:00+00:00,35,43,16548,18.2,18.26,17.15,17.82,2795786,UNG
2025-05-07 00:00:00+00:00,35,43,16548,17.93,18.29,17.77,18.26,1528967,UNG
2025-05-08 00:00:00+00:00,35,43,16548,18.33,18.64,17.68,18.15,1637187,UNG
2025-05-09 00:00:00+00:00,35,43,16548,18.26,19.105,18.18,18.98,1559163,UNG
2025-05-12 00:00:00+00:00,35,43,16548,18.93,19.23,18.08,18.49,1186866,UNG
2025-05-13 00:00:00+00:00,35,43,16548,18.65,18.68,17.89,18.15,1735856,UNG
2025-05-14 00:00:00+00:00,35,43,16548,18.03,18.06,17.33,17.36,1501113,UNG
2025-05-15 00:00:00+00:00,35,43,16548,17.37,17.51,16.785,16.88,1921701,UNG
2025-05-16 00:00:00+00:00,35,43,16548,16.79,17.26,16.645,16.74,1476110,UNG
2025-05-19 00:00:00+00:00,35,43,16548,16.37,16.44,15.62,15.74,2069062,UNG
2025-05-20 00:00:00+00:00,35,43,16548,15.78,17.21,15.77,16.91,2177773,UNG
2025-05-21 00:00:00+00:00,35,43,16548,17.06,17.43,16.82,16.94,2054594,UNG
2025-05-22 00:00:00+00:00,35,43,16548,16.83,16.96,16.39,16.65,1613852,UNG
2025-05-23 00:00:00+00:00,35,43,16548,16.73,16.95,16.35,16.82,2091725,UNG
2025-05-27 00:00:00+00:00,35,43,16548,16.64,17.14,16.55,17.05,1863054,UNG
2025-05-28 00:00:00+00:00,35,43,16548,16.99,17.4,16.06,16.2,2334484,UNG
2025-05-29 00:00:00+00:00,35,43,16548,16.11,16.22,15.62,16.1,2509461,UNG
2025-05-30 00:00:00+00:00,35,43,16548,16.05,16.19,15.63,15.73,1786330,UNG
2025-06-02 00:00:00+00:00,35,43,16548,16.21,17.05,16.21,16.99,2195406,UNG
2025-06-03 00:00:00+00:00,35,43,16548,16.87,17.1,16.5,16.89,1812788,UNG
2025-06-04 00:00:00+00:00,35,43,16548,16.73,16.99,16.64,16.84,1166925,UNG
2025-06-05 00:00:00+00:00,35,43,16548,16.76,17.22,16.46,16.64,2184305,UNG
2025-06-06 00:00:00+00:00,35,43,16548,16.82,17.34,16.65,17.18,1695726,UNG
2025-06-09 00:00:00+00:00,35,43,16548,17.03,17.05,16.28,16.4,1842033,UNG
2025-06-10 00:00:00+00:00,35,43,16548,16.48,16.63,15.97,16.01,1381981,UNG
2025-06-11 00:00:00+00:00,35,43,16548,16.17,16.48,15.71,15.99,2382810,UNG
2025-06-12 00:00:00+00:00,35,43,16548,16.27,16.55,15.77,16.09,1907228,UNG
2025-06-13 00:00:00+00:00,35,43,16548,15.99,16.4,15.96,16.38,1326112,UNG
2025-06-16 00:00:00+00:00,35,43,16548,16.72,17.06,16.52,16.98,1551171,UNG
2025-06-17 00:00:00+00:00,35,43,16548,17.165,17.62,17.08,17.62,1459770,UNG
2025-06-18 00:00:00+00:00,35,43,16548,17.5,18.11,17.34,18.04,1611592,UNG
2025-06-20 00:00:00+00:00,35,43,16548,18.49,18.72,17.36,17.68,1713253,UNG
2025-06-23 00:00:00+00:00,35,43,16548,17.68,17.7,16.66,16.72,1866419,UNG
2025-06-24 00:00:00+00:00,35,43,16548,16.59,16.76,16.16,16.3,1559853,UNG
2025-06-25 00:00:00+00:00,35,43,16548,16.21,16.21,15.75,15.88,1900875,UNG
2025-06-26 00:00:00+00:00,35,43,16548,15.9,15.91,15.08,15.65,2887102,UNG
2025-06-27 00:00:00+00:00,35,43,16548,15.94,16.6,15.89,16.55,1718708,UNG
2025-06-30 00:00:00+00:00,35,43,16548,16.11,16.16,15.17,15.33,2848397,UNG
2025-07-01 00:00:00+00:00,35,43,16548,15.05,15.34,14.605,15.14,2214305,UNG
2025-07-02 00:00:00+00:00,35,43,16548,15.02,15.58,14.95,15.53,1289702,UNG
2025-07-03 00:00:00+00:00,35,43,16548,15.65,15.83,15.05,15.1,1661212,UNG
2025-07-07 00:00:00+00:00,35,43,16548,14.56,15.38,14.53,15.1,1650303,UNG
2025-07-08 00:00:00+00:00,35,43,16548,15.01,15.37,14.75,14.84,1291876,UNG
2025-07-09 00:00:00+00:00,35,43,16548,14.59,14.695,13.97,14.23,2418541,UNG
2025-07-10 00:00:00+00:00,35,43,16548,14.31,15.05,14.16,14.92,1689685,UNG
2025-07-11 00:00:00+00:00,35,43,16548,14.82,15.15,14.61,14.94,1274836,UNG
2025-07-14 00:00:00+00:00,35,43,16548,15.35,15.51,15.01,15.34,1306660,UNG
2025-07-15 00:00:00+00:00,35,43,16548,15.2,15.7,15.09,15.63,1696604,UNG
2025-07-16 00:00:00+00:00,35,43,16548,15.65,15.95,15.49,15.79,1546774,UNG
2025-07-17 00:00:00+00:00,35,43,16548,15.855,16.07,15.59,15.64,1239250,UNG
2025-07-18 00:00:00+00:00,35,43,16548,15.83,16.06,15.51,15.81,1485742,UNG
2025-07-21 00:00:00+00:00,35,43,16548,15.105,15.29,14.6,14.74,1787832,UNG
2025-07-22 00:00:00+00:00,35,43,16548,14.59,14.59,14.28,14.47,1883629,UNG
2025-07-23 00:00:00+00:00,35,43,16548,14.38,14.42,13.67,13.73,3041381,UNG
2025-07-24 00:00:00+00:00,35,43,16548,13.82,14.1,13.7,13.87,2428483,UNG
2025-07-25 00:00:00+00:00,35,43,16548,13.77,14.06,13.73,13.83,1553056,UNG
2025-07-28 00:00:00+00:00,35,43,16548,13.825,14.03,13.47,13.66,2023739,UNG
2025-07-29 00:00:00+00:00,35,43,16548,13.66,14.02,13.66,13.91,1505610,UNG
2025-07-30 00:00:00+00:00,35,43,16548,13.97,13.99,13.265,13.3,1622856,UNG
2025-07-31 00:00:00+00:00,35,43,16548,13.23,13.68,13.09,13.59,2624735,UNG
2025-08-01 00:00:00+00:00,35,43,16548,13.69,13.76,13.42,13.6,1123216,UNG
2025-08-04 00:00:00+00:00,35,43,16548,13.51,13.54,12.745,12.95,2466670,UNG
2025-08-05 00:00:00+00:00,35,43,16548,13.04,13.37,13.0,13.23,1582633,UNG
2025-08-06 00:00:00+00:00,35,43,16548,13.01,13.62,12.97,13.6,1553184,UNG
2025-08-07 00:00:00+00:00,35,43,16548,13.58,13.84,13.36,13.53,1425339,UNG
2025-08-08 00:00:00+00:00,35,43,16548,13.63,13.63,13.035,13.2,1200714,UNG
2025-08-11 00:00:00+00:00,35,43,16548,12.84,13.2,12.8,13.1,1263934,UNG
2025-08-12 00:00:00+00:00,35,43,16548,13.04,13.06,12.23,12.27,3279715,UNG
2025-08-13 00:00:00+00:00,35,43,16548,12.34,12.54,12.18,12.42,2668545,UNG
2025-08-14 00:00:00+00:00,35,43,16548,12.31,12.54,12.23,12.52,2525810,UNG
2025-08-15 00:00:00+00:00,35,43,16548,12.6,13.02,12.49,12.85,1929629,UNG
2025-08-18 00:00:00+00:00,35,43,16548,12.41,12.845,12.36,12.72,1614377,UNG
2025-08-19 00:00:00+00:00,35,43,16548,12.64,12.65,12.015,12.14,3113053,UNG
2025-08-20 00:00:00+00:00,35,43,16548,12.1,12.18,11.99,12.08,2170851,UNG
2025-08-21 00:00:00+00:00,35,43,16548,12.12,12.445,12.11,12.32,2501979,UNG
2025-08-22 00:00:00+00:00,35,43,16548,12.23,12.33,11.845,11.9,2465082,UNG
2025-08-25 00:00:00+00:00,35,43,16548,11.79,12.0,11.67,11.94,2506562,UNG
2025-08-26 00:00:00+00:00,35,43,16548,11.84,12.07,11.72,11.99,2250899,UNG
2025-08-27 00:00:00+00:00,35,43,16548,11.91,12.375,11.81,12.19,2119857,UNG
2025-08-28 00:00:00+00:00,35,43,16548,12.26,12.74,12.13,12.685,3163182,UNG
2025-08-29 00:00:00+00:00,35,43,16548,12.655,12.84,12.43,12.82,3149249,UNG
2025-09-02 00:00:00+00:00,35,43,16548,12.65,12.82,12.21,12.69,2663797,UNG
2025-09-03 00:00:00+00:00,35,43,16548,12.7,13.31,12.61,13.08,2544435,UNG
2025-09-04 00:00:00+00:00,35,43,16548,13.16,13.3,12.86,13.1,2334385,UNG
2025-09-05 00:00:00+00:00,35,43,16548,13.21,13.3,12.87,12.9,2702811,UNG
2025-09-08 00:00:00+00:00,35,43,16548,13.35,13.59,13.1,13.15,2779564,UNG
2025-09-09 00:00:00+00:00,35,43,16548,13.37,13.455,12.97,13.2,2455788,UNG
2025-09-10 00:00:00+00:00,35,43,16548,13.25,13.25,12.81,12.88,1547103,UNG
2025-09-11 00:00:00+00:00,35,43,16548,12.94,13.02,12.4,12.45,2198179,UNG
2025-09-12 00:00:00+00:00,35,43,16548,12.4,12.76,12.34,12.56,1411008,UNG
2025-09-15 00:00:00+00:00,35,43,16548,12.62,12.95,12.42,12.79,1861826,UNG
2025-09-16 00:00:00+00:00,35,43,16548,12.95,13.27,12.93,13.24,2534369,UNG
2025-09-17 00:00:00+00:00,35,43,16548,13.16,13.42,13.08,13.11,1425857,UNG
2025-09-18 00:00:00+00:00,35,43,16548,13.15,13.2,12.65,12.68,1927304,UNG
2025-09-19 00:00:00+00:00,35,43,16548,12.64,12.66,12.45,12.59,1917049,UNG
2025-09-22 00:00:00+00:00,35,43,16548,12.63,12.67,12.095,12.13,2576770,UNG
2025-09-23 00:00:00+00:00,35,43,16548,12.11,12.38,12.0,12.35,1364235,UNG
2025-09-24 00:00:00+00:00,35,43,16548,12.275,12.51,12.165,12.33,1390359,UNG
2025-09-25 00:00:00+00:00,35,43,16548,12.36,12.795,12.335,12.64,2295340,UNG
2025-09-26 00:00:00+00:00,35,43,16548,12.7,12.74,12.27,12.49,1962455,UNG
2025-09-29 00:00:00+00:00,35,43,16548,12.51,12.945,12.31,12.85,2191476,UNG
2025-09-30 00:00:00+00:00,35,43,16548,12.75,13.15,12.75,13.09,1959095,UNG
2025-10-01 00:00:00+00:00,35,43,16548,13.23,13.7,13.04,13.54,2691388,UNG
2025-10-02 00:00:00+00:00,35,43,16548,13.48,14.07,13.365,13.365,3401597,UNG
2025-10-03 00:00:00+00:00,35,43,16548,13.415,13.54,13.0,13.11,2818216,UNG
2025-10-06 00:00:00+00:00,35,43,16548,13.66,13.66,13.13,13.27,2658586,UNG
2025-10-07 00:00:00+00:00,35,43,16548,13.32,13.86,13.195,13.81,2700946,UNG
2025-10-08 00:00:00+00:00,35,43,16548,13.79,13.94,13.045,13.1,2815714,UNG
2025-10-09 00:00:00+00:00,35,43,16548,13.04,13.32,12.71,12.72,2322269,UNG
2025-10-10 00:00:00+00:00,35,43,16548,12.63,12.64,12.15,12.34,2587483,UNG
2025-10-13 00:00:00+00:00,35,43,16548,12.3,12.305,11.915,12.16,3091349,UNG
2025-10-14 00:00:00+00:00,35,43,16548,12.07,12.11,11.815,11.83,2786242,UNG
2025-10-15 00:00:00+00:00,35,43,16548,11.89,11.95,11.66,11.91,2232034,UNG
2025-10-16 00:00:00+00:00,35,43,16548,11.95,12.04,11.55,11.56,3603945,UNG
2025-10-17 00:00:00+00:00,35,43,16548,11.52,11.955,11.5,11.9,2507012,UNG
2025-10-20 00:00:00+00:00,35,43,16548,12.32,13.03,12.31,12.98,4974517,UNG
2025-10-21 00:00:00+00:00,35,43,16548,12.85,13.22,12.74,13.21,5441710,UNG
2025-10-22 00:00:00+00:00,35,43,16548,13.0,13.24,12.94,13.11,4109098,UNG
2025-10-23 00:00:00+00:00,35,43,16548,13.12,13.27,12.83,12.86,4045192,UNG
2025-10-24 00:00:00+00:00,35,43,16548,12.97,13.07,12.61,12.97,2888550,UNG
2025-10-27 00:00:00+00:00,35,43,16548,12.81,13.08,12.61,12.78,3283098,UNG
2025-10-28 00:00:00+00:00,35,43,16548,12.48,12.61,12.31,12.325,3445868,UNG
2025-10-29 00:00:00+00:00,35,43,16548,12.395,12.45,12.1,12.26,3309257,UNG
2025-10-30 00:00:00+00:00,35,43,16548,12.34,13.16,12.22,13.1,3792229,UNG
2025-10-31 00:00:00+00:00,35,43,16548,13.17,13.39,12.945,13.24,4393653,UNG
2025-11-03 00:00:00+00:00,35,43,16548,13.81,13.825,13.26,13.65,4517649,UNG
2025-11-04 00:00:00+00:00,35,43,16548,13.64,14.16,13.5,13.92,5819213,UNG
2025-11-05 00:00:00+00:00,35,43,16548,13.615,14.02,13.57,13.75,4068175,UNG
2025-11-06 00:00:00+00:00,35,43,16548,13.89,14.24,13.525,14.18,6754576,UNG
2025-11-07 00:00:00+00:00,35,43,16548,14.12,14.17,13.77,13.91,3802430,UNG
2025-11-10 00:00:00+00:00,35,43,16548,14.46,14.53,13.76,14.09,3142844,UNG
2025-11-11 00:00:00+00:00,35,43,16548,13.88,14.77,13.81,14.62,3753340,UNG
2025-11-12 00:00:00+00:00,35,43,16548,14.66,14.77,14.42,14.67,3363562,UNG
2025-11-13 00:00:00+00:00,35,43,16548,14.44,15.08,14.44,14.83,3947152,UNG
2025-11-14 00:00:00+00:00,35,43,16548,14.695,14.78,14.11,14.62,3705622,UNG
2025-11-17 00:00:00+00:00,35,43,16548,14.565,14.65,14.06,14.1,3616199,UNG
2025-11-18 00:00:00+00:00,35,43,16548,14.17,14.26,13.79,14.17,3447760,UNG
2025-11-19 00:00:00+00:00,35,43,16548,14.185,14.845,14.185,14.7,2537851,UNG
2025-11-20 00:00:00+00:00,35,43,16548,14.61,14.82,14.375,14.44,2871686,UNG
2025-11-21 00:00:00+00:00,35,43,16548,14.58,14.83,14.44,14.61,3099646,UNG
2025-11-24 00:00:00+00:00,35,43,16548,14.53,14.54,14.25,14.35,1874387,UNG
2025-11-25 00:00:00+00:00,35,43,16548,14.02,14.085,13.58,13.85,2366367,UNG
2025-11-26 00:00:00+00:00,35,43,16548,13.98,14.37,13.97,14.27,2963350,UNG
2025-11-28 00:00:00+00:00,35,43,16548,14.3,15.02,14.25,14.92,1431218,UNG
2025-12-01 00:00:00+00:00,35,43,16548,14.74,15.31,14.73,15.15,3242169,UNG
2025-12-02 00:00:00+00:00,35,43,16548,15.255,15.41,14.87,14.94,2303792,UNG
2025-12-03 00:00:00+00:00,35,43,16548,15.25,15.57,15.22,15.405,2642945,UNG
2025-12-04 00:00:00+00:00,35,43,16548,15.51,15.76,15.075,15.76,3816859,UNG
2025-12-05 00:00:00+00:00,35,43,16548,15.63,16.99,15.56,16.49,6663017,UNG
2025-12-08 00:00:00+00:00,35,43,16548,15.77,15.78,15.0,15.06,4893595,UNG
2025-12-09 00:00:00+00:00,35,43,16548,14.91,15.0,14.085,14.17,5062751,UNG
2025-12-10 00:00:00+00:00,35,43,16548,14.115,14.53,13.79,14.29,4223022,UNG
2025-12-11 00:00:00+00:00,35,43,16548,14.025,14.04,13.0,13.06,5728580,UNG
2025-12-12 00:00:00+00:00,35,43,16548,12.96,13.15,12.59,12.73,4725771,UNG
2025-12-15 00:00:00+00:00,35,43,16548,12.78,12.87,12.37,12.5,3555592,UNG
2025-12-16 00:00:00+00:00,35,43,16548,12.13,12.3,11.925,12.2,3795171,UNG
2025-12-17 00:00:00+00:00,35,43,16548,12.29,12.76,12.22,12.72,3525523,UNG
2025-12-18 00:00:00+00:00,35,43,16548,12.61,12.97,11.975,12.15,3828232,UNG
2025-12-19 00:00:00+00:00,35,43,16548,12.13,12.23,11.9,12.22,3225393,UNG
2025-12-22 00:00:00+00:00,35,43,16548,12.38,12.45,11.475,11.91,5675480,UNG
2025-12-23 00:00:00+00:00,35,43,16548,11.91,13.12,11.79,12.98,6485715,UNG
2025-12-24 00:00:00+00:00,35,43,16548,12.9,13.09,12.33,12.44,2226314,UNG
2025-12-26 00:00:00+00:00,35,43,16548,12.98,13.05,12.66,12.82,4749032,UNG
2025-12-29 00:00:00+00:00,35,43,16548,12.68,13.32,12.58,13.11,4603530,UNG
2025-12-30 00:00:00+00:00,35,43,16548,13.15,13.81,13.02,13.13,6338912,UNG
2025-12-31 00:00:00+00:00,35,43,16548,12.61,12.69,12.18,12.28,4166754,UNG
2026-01-02 00:00:00+00:00,35,43,16548,11.97,12.25,11.805,12.07,3258301,UNG
2026-01-05 00:00:00+00:00,35,43,16548,11.57,11.68,11.12,11.54,7217676,UNG
2026-01-06 00:00:00+00:00,35,43,16548,11.36,11.47,11.015,11.35,6049716,UNG
2026-01-07 00:00:00+00:00,35,43,16548,11.52,11.88,11.43,11.82,3993416,UNG
2026-01-08 00:00:00+00:00,35,43,16548,11.84,11.86,11.115,11.3,5424609,UNG
2026-01-09 00:00:00+00:00,35,43,16548,11.36,11.56,10.38,10.43,9397398,UNG
2026-01-12 00:00:00+00:00,35,43,16548,10.81,11.35,10.56,11.09,7720242,UNG
2026-01-13 00:00:00+00:00,35,43,16548,11.19,11.57,10.97,11.205,4354071,UNG
2026-01-14 00:00:00+00:00,35,43,16548,11.22,11.4,10.17,10.29,7274698,UNG
2026-01-15 00:00:00+00:00,35,43,16548,10.51,10.58,9.955,10.37,6279799,UNG
2026-01-16 00:00:00+00:00,35,43,16548,10.4,10.59,10.07,10.3,3507306,UNG
2026-01-20 00:00:00+00:00,35,43,16548,11.65,12.54,11.62,12.24,10386410,UNG
2026-01-21 00:00:00+00:00,35,43,16548,13.12,13.86,13.1,13.74,11530864,UNG
2026-01-22 00:00:00+00:00,35,43,16548,13.85,14.37,13.24,13.65,12856557,UNG
2026-01-23 00:00:00+00:00,35,43,16548,13.58,14.19,13.4,14.12,5407793,UNG
2026-01-26 00:00:00+00:00,35,43,16548,14.88,15.18,14.15,14.87,8941864,UNG
2026-01-27 00:00:00+00:00,35,43,16548,14.53,15.16,14.19,14.75,6345596,UNG
2026-01-28 00:00:00+00:00,35,43,16548,14.32,15.1,13.87,14.59,7451882,UNG
2026-01-29 00:00:00+00:00,35,43,16548,14.89,15.22,14.48,15.15,6334608,UNG
2026-01-30 00:00:00+00:00,35,43,16548,15.02,17.12,14.82,16.98,7372228,UNG
2026-02-02 00:00:00+00:00,35,43,16548,13.92,14.26,12.265,12.62,9957961,UNG
2026-02-03 00:00:00+00:00,35,43,16548,12.63,13.165,12.4,13.0,3691732,UNG
2026-02-04 00:00:00+00:00,35,43,16548,12.75,13.74,12.73,13.45,3608012,UNG
2026-02-05 00:00:00+00:00,35,43,16548,13.49,13.83,12.92,13.68,5338640,UNG
2026-02-06 00:00:00+00:00,35,43,16548,13.57,14.18,13.15,13.24,3505629,UNG
2026-02-09 00:00:00+00:00,35,43,16548,12.44,12.49,12.08,12.15,3166875,UNG
2026-02-10 00:00:00+00:00,35,43,16548,12.02,12.46,11.95,12.23,2331859,UNG
2026-02-11 00:00:00+00:00,35,43,16548,12.12,12.55,11.86,12.45,2778516,UNG
2026-02-12 00:00:00+00:00,35,43,16548,12.37,12.815,12.35,12.43,3258175,UNG
2026-02-13 00:00:00+00:00,35,43,16548,12.18,12.61,12.08,12.4,3116449,UNG
2026-02-17 00:00:00+00:00,35,43,16548,12.05,12.3,11.795,11.89,2423083,UNG
2026-02-18 00:00:00+00:00,35,43,16548,11.74,11.895,11.55,11.83,2198910,UNG
2026-02-19 00:00:00+00:00,35,43,16548,11.86,12.09,11.71,11.78,2200766,UNG
2026-02-20 00:00:00+00:00,35,43,16548,11.8,12.365,11.72,12.05,2215694,UNG
2026-02-23 00:00:00+00:00,35,43,16548,12.24,12.38,11.72,11.77,2294022,UNG
2026-02-24 00:00:00+00:00,35,43,16548,11.76,11.76,11.38,11.44,1646200,UNG
2026-02-25 00:00:00+00:00,35,43,16548,11.39,11.785,11.35,11.6,1835475,UNG
2026-02-26 00:00:00+00:00,35,43,16548,11.27,11.42,11.175,11.36,2052886,UNG
2026-02-27 00:00:00+00:00,35,43,16548,11.4,11.63,11.36,11.52,1373521,UNG
2026-03-02 00:00:00+00:00,35,43,16548,12.2,12.34,11.73,12.0,3531211,UNG
2026-03-03 00:00:00+00:00,35,43,16548,12.55,12.82,12.04,12.28,4855322,UNG
2026-03-04 00:00:00+00:00,35,43,16548,12.28,12.35,11.64,11.87,2444306,UNG
2026-03-05 00:00:00+00:00,35,43,16548,11.98,12.26,11.765,12.07,2868521,UNG
2026-03-06 00:00:00+00:00,35,43,16548,11.98,13.18,11.98,12.82,5436047,UNG
2026-03-09 00:00:00+00:00,35,43,16548,13.5,13.63,12.18,12.5,7431151,UNG
2026-03-10 00:00:00+00:00,35,43,16548,12.31,12.64,11.93,12.31,3369945,UNG
2026-03-11 00:00:00+00:00,35,43,16548,12.33,13.16,12.26,13.13,2285894,UNG
2026-03-12 00:00:00+00:00,35,43,16548,13.12,13.2,12.67,13.02,3819594,UNG
2026-03-13 00:00:00+00:00,35,43,16548,13.31,13.35,12.52,12.65,3041891,UNG
2026-03-16 00:00:00+00:00,35,43,16548,12.55,12.64,12.06,12.2,2273186,UNG
2026-03-17 00:00:00+00:00,35,43,16548,12.17,12.43,12.11,12.18,1535153,UNG
2026-03-18 00:00:00+00:00,35,43,16548,11.82,12.93,11.79,12.91,3436199,UNG
2026-03-19 00:00:00+00:00,35,43,16548,12.8,13.08,12.41,12.49,5067739,UNG
2026-03-20 00:00:00+00:00,35,43,16548,12.5,12.7,12.215,12.37,2526321,UNG
2026-03-23 00:00:00+00:00,35,43,16548,12.65,12.66,11.6,11.74,3537101,UNG
2026-03-24 00:00:00+00:00,35,43,16548,11.81,11.9,11.54,11.62,1574415,UNG
2026-03-25 00:00:00+00:00,35,43,16548,11.55,11.92,11.505,11.87,1419277,UNG
2026-03-26 00:00:00+00:00,35,43,16548,11.9,12.09,11.68,11.84,2440485,UNG
2026-03-27 00:00:00+00:00,35,43,16548,12.05,12.39,12.04,12.31,2184044,UNG
2026-03-30 00:00:00+00:00,35,43,16548,11.86,11.96,11.575,11.73,1961554,UNG
2026-03-31 00:00:00+00:00,35,43,16548,11.505,12.06,11.43,11.69,2169794,UNG
2026-04-01 00:00:00+00:00,35,43,16548,11.64,11.68,11.31,11.43,1667392,UNG
2026-04-02 00:00:00+00:00,35,43,16548,11.58,11.64,11.28,11.39,2100423,UNG
2026-04-06 00:00:00+00:00,35,43,16548,11.27,11.63,11.27,11.38,1149882,UNG
2026-04-07 00:00:00+00:00,35,43,16548,11.34,11.71,11.2,11.27,2046910,UNG
2026-04-08 00:00:00+00:00,35,43,16548,11.03,11.3,10.965,11.1,2300959,UNG
2026-04-09 00:00:00+00:00,35,43,16548,11.07,11.1,10.78,10.85,2266110,UNG
2026-04-10 00:00:00+00:00,35,43,16548,10.89,10.895,10.67,10.78,1884462,UNG
2026-04-13 00:00:00+00:00,35,43,16548,10.86,11.04,10.63,10.64,2092170,UNG
2026-04-14 00:00:00+00:00,35,43,16548,10.56,10.79,10.405,10.51,1839198,UNG
2026-04-15 00:00:00+00:00,35,43,16548,10.52,10.65,10.44,10.56,1055262,UNG
2026-04-16 00:00:00+00:00,35,43,16548,10.62,10.82,10.54,10.8,1019302,UNG
2026-04-17 00:00:00+00:00,35,43,16548,10.81,10.925,10.61,10.84,1267691,UNG
2026-04-20 00:00:00+00:00,35,43,16548,10.98,11.05,10.78,10.81,1451767,UNG
2026-04-21 00:00:00+00:00,35,43,16548,10.78,10.99,10.78,10.9,1045763,UNG
2026-04-22 00:00:00+00:00,35,43,16548,10.99,11.15,10.92,10.95,975933,UNG
2026-04-23 00:00:00+00:00,35,43,16548,10.95,11.02,10.415,10.49,1967364,UNG
2026-04-24 00:00:00+00:00,35,43,16548,10.47,10.5,10.19,10.32,1564188,UNG
2026-04-27 00:00:00+00:00,35,43,16548,10.38,10.78,10.36,10.47,1784587,UNG
2026-04-28 00:00:00+00:00,35,43,16548,10.43,10.535,10.275,10.31,1619217,UNG
2026-04-29 00:00:00+00:00,35,43,16548,10.32,10.34,10.06,10.14,981321,UNG
2026-04-30 00:00:00+00:00,35,43,16548,10.11,10.72,9.97,10.6,2346277,UNG
2026-05-01 00:00:00+00:00,35,43,16548,10.72,10.83,10.555,10.73,1066757,UNG
2026-05-04 00:00:00+00:00,35,43,16548,10.93,11.075,10.63,10.95,1991208,UNG
2026-05-05 00:00:00+00:00,35,43,16548,10.86,11.02,10.61,10.65,2353800,UNG
2026-05-06 00:00:00+00:00,35,43,16548,10.59,10.66,10.35,10.45,1208749,UNG
2026-05-07 00:00:00+00:00,35,43,16548,10.39,10.8,10.29,10.7,2191864,UNG
2026-05-08 00:00:00+00:00,35,43,16548,10.7,10.92,10.53,10.6,1281578,UNG
2026-05-11 00:00:00+00:00,35,43,16548,10.81,11.28,10.72,11.25,1908110,UNG
2026-05-12 00:00:00+00:00,35,43,16548,11.23,11.25,10.79,10.9,1200635,UNG
2026-05-13 00:00:00+00:00,35,43,16548,10.92,11.24,10.82,11.05,1401341,UNG
2026-05-14 00:00:00+00:00,35,43,16548,11.11,11.24,10.765,11.23,1761515,UNG
2026-05-15 00:00:00+00:00,35,43,16548,11.25,11.37,11.12,11.3,1697426,UNG
2026-05-18 00:00:00+00:00,35,43,16548,11.58,11.72,11.365,11.56,1136302,UNG
2026-05-19 00:00:00+00:00,35,43,16548,11.51,11.94,11.51,11.89,1206433,UNG
2026-05-20 00:00:00+00:00,35,43,16548,11.82,11.97,11.38,11.49,1982551,UNG
2026-05-21 00:00:00+00:00,35,43,16548,11.53,11.605,11.3,11.35,1310083,UNG
2026-05-22 00:00:00+00:00,35,43,16548,11.38,11.4,10.91,10.96,1322803,UNG
2026-05-26 00:00:00+00:00,35,43,16548,11.21,11.24,10.88,10.92,969847,UNG
2026-05-27 00:00:00+00:00,35,43,16548,10.84,11.405,10.8,11.17,1612725,UNG
2026-05-28 00:00:00+00:00,35,43,16548,11.14,12.02,11.1,11.92,2375581,UNG
2026-05-29 00:00:00+00:00,35,43,16548,12.02,12.27,11.87,11.87,2024129,UNG
2026-06-01 00:00:00+00:00,35,43,16548,12.25,12.25,11.46,11.53,1680868,UNG
2026-06-02 00:00:00+00:00,35,43,16548,11.64,11.65,11.24,11.49,1212785,UNG
2026-06-03 00:00:00+00:00,35,43,16548,11.59,11.82,11.4,11.73,1034084,UNG
2026-06-04 00:00:00+00:00,35,43,16548,11.69,12.23,11.68,12.17,1555901,UNG
2026-06-05 00:00:00+00:00,35,43,16548,12.11,12.11,11.63,11.68,941193,UNG
2026-06-08 00:00:00+00:00,35,43,16548,11.36,11.44,11.235,11.36,1200479,UNG
2026-06-09 00:00:00+00:00,35,43,16548,11.54,11.62,11.31,11.4,1717420,UNG
2026-06-10 00:00:00+00:00,35,43,16548,11.48,11.76,11.4,11.56,2434129,UNG
2026-06-11 00:00:00+00:00,35,43,16548,11.4,11.43,11.115,11.17,2142025,UNG
2026-06-12 00:00:00+00:00,35,43,16548,11.12,11.39,11.0,11.38,1658053,UNG
2026-06-15 00:00:00+00:00,35,43,16548,11.07,11.45,10.96,11.44,1503766,UNG
2026-06-16 00:00:00+00:00,35,43,16548,11.5,11.82,11.34,11.79,1587023,UNG
2026-06-17 00:00:00+00:00,35,43,16548,11.71,11.94,11.35,11.49,1913201,UNG
2026-06-18 00:00:00+00:00,35,43,16548,11.49,11.81,11.41,11.72,1946658,UNG
2026-06-22 00:00:00+00:00,35,43,16548,12.08,12.14,11.74,11.75,716061,UNG
2026-06-23 00:00:00+00:00,35,43,16548,11.78,11.83,11.415,11.48,1409515,UNG
2026-06-24 00:00:00+00:00,35,43,16548,11.52,11.76,11.48,11.76,1047190,UNG
2026-06-25 00:00:00+00:00,35,43,16548,11.97,12.06,11.58,11.75,1604550,UNG
2026-06-26 00:00:00+00:00,35,43,16548,11.95,12.13,11.77,11.9,2464657,UNG
2026-06-29 00:00:00+00:00,35,43,16548,11.7,11.84,11.385,11.43,1418575,UNG
